Country,1960,1961,1962,1963,1964,1965,1966,1967,1968,1969,1970,1971,1972,1973,1974,1975,1976,1977,1978,1979,1980,1981,1982,1983,1984,1985,1986,1987,1988,1989,1990,1991,1992,1993,1994,1995,1996,1997,1998,1999,2000,2001,2002,2003,2004,2005,2006,2007,2008,2009,2010,2011,2012,2013,2014,2015,2016,2017,2018
Afghanistan,,0.0,0.0,0.0,0.0,0.0,0.0,0.0,0.0,0.0,0.0,0.0,0.0,0.0,0.0,0.0,0.0,0.0,0.0,0.0,0.0,0.0,0.0,0.0,0.0,0.0,0.0,0.0,0.0,0.0,0.0,0.0,0.0,0.0,0.0,0.0,0.0,0.0,0.0,0.0,,,,,,0.02,0.03,0.02,0.03,0.01,0.01,0.01,0.01,0.01,0.01,0.0,0.02,0.01,0.01
Albania,,,1.17,0.91,1.04,1.04,1.03,1.17,1.44,1.73,1.77,1.2,1.56,1.59,1.58,1.35,1.33,1.37,1.65,1.4,1.79,1.84,1.51,1.68,1.58,1.6,1.39,1.63,1.67,1.73,2.03,1.28,1.35,1.49,2.77,2.87,3.12,2.22,1.54,2.19,3.92,4.51,3.96,4.33,4.42,4.98,5.17,5.46,5.56,5.79,5.28,5.42,4.74,4.54,4.33,4.54,4.67,4.75,4.7
Algeria,,2.57,1.77,1.12,0.91,0.93,0.85,0.88,1.32,1.87,1.67,2.12,2.51,1.49,1.56,1.36,1.38,1.05,0.95,0.56,0.48,0.46,0.42,0.33,0.33,0.31,0.29,0.28,0.42,0.4,0.19,0.18,0.2,0.24,0.25,0.29,0.29,0.28,0.26,0.23,0.25,0.23,0.36,0.33,0.45,0.5,0.38,0.34,0.37,0.43,0.35,0.4,0.43,0.5,0.54,0.58,0.6,0.58,0.58
Angola,,5.37,4.49,4.7,4.92,5.31,5.76,5.25,5.39,5.51,5.43,4.9,4.31,4.74,3.69,2.44,2.32,1.88,1.67,1.7,1.73,2.46,1.96,1.75,1.94,2.06,1.69,1.63,1.89,2.29,2.12,2.14,2.67,1.79,2.0,1.95,2.07,2.59,2.51,1.97,1.47,1.94,2.08,2.2,2.41,3.49,4.02,4.68,5.19,6.12,6.83,6.95,7.14,7.01,7.49,5.94,5.38,5.47,5.35
Antigua and Barbuda,,,3.22,3.58,3.64,3.5,4.89,4.84,4.75,5.05,5.89,5.8,2.88,5.52,2.01,1.91,3.01,0.73,0.66,0.94,1.67,3.72,3.17,4.33,5.41,3.57,3.55,3.68,3.87,4.69,5.14,4.42,4.5,4.3,4.77,5.08,5.44,5.45,5.35,5.65,6.86,6.85,6.67,6.91,6.72,7.44,7.7,8.11,8.41,7.64,7.41,7.28,7.44,7.62,7.39,7.59,7.55,7.73,8.72
Argentina,,16.39,16.74,17.6,17.76,17.77,16.59,16.97,17.65,17.84,18.41,17.02,16.12,15.02,16.1,17.53,17.28,17.06,15.71,16.06,16.6,15.29,14.57,14.49,13.84,12.75,12.89,12.76,11.49,10.82,11.66,12.32,12.09,11.56,10.94,10.13,9.93,10.25,9.21,9.21,7.68,7.76,7.81,7.62,7.63,7.6,7.8,8.16,8.42,8.34,8.15,7.61,7.92,8.2,7.87,8.43,8.31,8.22,8.22
Australia,,9.16,9.29,9.74,10.05,9.94,10.2,10.72,11.03,11.49,11.62,11.69,12.21,13.19,13.46,13.21,13.41,13.54,13.16,13.23,13.3,13.46,13.05,12.76,12.74,12.89,12.3,12.45,12.39,12.09,11.01,10.64,10.32,9.63,9.89,9.69,9.77,9.91,9.79,9.88,10.17,9.53,9.84,9.97,9.84,10.3,10.31,10.56,10.76,10.62,10.52,10.3,10.03,10.0,9.9,9.68,9.79,9.49,9.51
Austria,8.91,9.31,9.7,9.8,10.7,11.6,12.4,13.1,13.2,13.0,13.4,13.6,14.2,14.6,14.5,14.1,14.3,14.2,14.0,13.4,13.6,13.5,13.5,14.0,13.9,13.3,13.6,13.5,13.7,13.9,13.9,14.1,13.6,13.5,12.5,13.4,13.5,12.9,12.9,12.8,13.35,12.35,12.09,12.31,12.17,12.14,12.58,12.54,12.03,11.87,12.1,11.9,12.1,11.6,12.2,11.6,11.7,11.7,11.8
Bahamas,,11.82,10.43,12.56,13.41,15.52,17.72,14.67,15.14,16.01,15.98,16.23,15.57,16.44,15.28,13.56,14.94,14.65,14.42,14.99,15.09,14.67,15.88,15.17,14.74,14.55,14.13,14.17,12.17,12.34,12.53,12.45,13.2,12.8,12.95,10.93,10.3,10.27,9.78,8.65,11.93,11.38,10.94,10.59,9.61,9.83,9.82,9.92,9.65,8.75,8.72,8.81,8.72,8.64,8.78,8.71,8.69,8.84,8.9
Bahrain,,,,,,,,,,,4.71,3.74,3.36,4.54,4.03,4.7,,6.31,,5.25,4.2,4.37,6.16,7.09,6.66,5.46,5.1,5.59,4.94,4.89,5.39,5.3,5.11,5.0,4.64,4.7,4.9,6.13,2.55,2.95,1.97,1.89,1.87,2.04,1.98,1.92,1.94,1.83,1.99,1.95,1.96,1.66,1.72,1.65,1.57,1.53,1.39,1.25,1.23
Bangladesh,,0.0,0.0,0.0,0.0,0.0,0.0,0.0,0.0,0.0,0.0,0.0,0.0,0.0,0.0,0.0,0.0,0.0,0.0,0.0,0.0,0.0,0.0,0.0,0.0,0.0,0.0,0.0,0.0,0.0,0.01,0.0,0.01,0.0,0.01,0.0,0.0,0.0,0.0,0.0,0.01,0.0,0.0,0.0,0.0,0.0,0.0,0.0,0.0,0.0,0.0,0.0,0.0,0.0,0.0,0.0,0.0,0.0,0.0
Belgium,,,,9.88,10.48,10.76,10.3,10.73,11.15,11.46,12.43,12.62,13.0,13.81,13.35,13.46,13.6,13.47,13.4,13.56,13.99,13.25,13.72,13.55,13.26,13.14,12.72,13.16,12.52,11.61,12.18,11.44,11.65,11.66,11.12,11.04,10.94,10.92,9.92,10.1,11.21,11.01,11.29,11.28,12.05,12.21,10.94,13.43,10.51,10.1,10.27,10.14,10.09,10.33,10.57,10.36,9.42,9.42,9.42
Belize,,5.04,5.93,5.67,5.37,5.68,4.68,4.45,4.63,4.93,5.04,5.03,5.66,5.86,6.69,6.78,6.93,7.39,7.05,7.33,7.26,7.99,7.75,7.05,6.2,6.17,5.73,4.65,4.35,,5.21,4.91,5.69,6.35,5.55,5.94,5.23,5.16,5.23,5.2,4.7,4.77,4.92,5.63,6.07,6.1,6.28,6.99,6.95,6.44,6.43,6.29,6.25,6.17,6.19,6.26,6.11,5.76,5.61
Benin,,0.9,0.91,0.91,0.85,0.91,1.07,0.71,0.82,0.8,0.86,0.99,0.98,1.02,1.24,2.24,2.26,3.46,2.49,2.08,1.86,2.34,2.49,1.64,1.42,1.23,1.25,1.53,1.35,1.38,0.94,0.77,0.83,0.96,0.7,0.83,1.28,1.17,1.26,1.17,1.44,1.39,1.34,1.46,1.25,1.24,1.29,1.23,1.38,1.26,1.42,1.5,1.48,1.44,1.59,1.56,1.46,1.37,1.37
Bhutan,,0.42,0.45,0.51,0.5,0.51,0.49,0.52,0.55,0.53,0.54,0.53,0.55,0.53,0.59,0.59,0.48,0.5,0.49,0.53,0.5,0.52,0.55,0.51,0.51,0.5,0.46,0.46,0.32,0.31,1.74,1.82,2.09,3.0,1.81,1.82,3.16,1.92,1.79,3.25,1.66,1.42,0.3,0.53,0.97,0.73,0.28,0.15,0.16,0.15,0.22,0.23,0.3,0.28,0.19,0.04,0.02,0.06,0.06
Bolivia (Plurinational State of),,1.39,1.4,2.17,2.66,2.22,2.23,2.4,2.64,2.65,2.56,2.21,2.3,2.72,3.21,3.36,3.77,4.61,5.04,4.81,4.66,4.86,3.96,3.54,2.99,3.41,3.3,3.06,3.14,3.05,2.89,3.17,2.94,2.97,3.1,3.12,2.98,3.08,3.17,3.67,2.3,2.19,2.24,2.32,2.61,2.8,3.13,3.38,3.51,3.64,3.71,3.64,3.58,3.53,3.48,3.44,3.41,3.34,3.34
Botswana,,5.9,5.63,6.09,5.83,6.16,6.59,6.44,6.11,6.35,6.44,6.48,7.42,7.58,5.07,5.76,5.27,5.13,3.56,3.45,3.58,3.55,3.21,3.28,4.38,4.4,4.5,4.27,4.56,4.68,5.44,5.13,6.38,5.53,5.08,5.27,5.02,4.93,5.05,4.51,5.38,5.5,6.43,5.63,4.91,6.38,7.14,6.87,7.52,5.36,5.69,6.1,5.22,4.81,4.97,5.12,5.14,4.8,4.81
Brazil,,,,1.88,2.01,1.87,1.75,2.62,2.65,2.68,3.05,2.9,2.92,3.01,3.0,2.97,3.08,3.18,3.47,3.54,3.45,3.38,3.57,3.62,3.72,3.79,4.14,3.95,4.11,5.52,5.25,5.5,5.27,4.92,5.2,5.89,5.88,5.82,5.74,5.96,7.3,7.18,7.02,6.84,6.7,6.76,6.93,6.91,6.83,6.95,7.12,7.11,7.08,6.82,6.88,6.59,6.33,6.24,6.19
Brunei Darussalam,,0.48,0.63,1.01,1.32,1.31,1.31,1.28,1.3,1.45,1.32,1.37,1.39,1.29,1.38,1.33,1.62,1.81,2.17,2.1,2.43,2.59,2.94,3.09,4.06,3.31,2.53,2.89,2.48,2.78,2.9,2.91,,0.79,0.4,0.73,0.71,0.22,0.15,0.51,0.35,0.44,0.12,0.11,0.09,0.14,0.63,0.83,0.65,0.24,0.88,0.92,0.67,0.69,0.67,0.67,0.66,0.66,0.66
Bulgaria,,,,7.25,6.52,7.25,7.31,7.84,9.01,8.71,8.44,8.88,9.18,10.14,10.22,10.15,10.86,10.52,11.27,10.91,10.84,11.34,11.2,10.96,11.37,10.92,11.47,10.91,11.17,11.43,11.46,9.47,10.15,9.86,9.7,9.51,9.18,8.13,7.86,7.65,10.26,11.07,10.8,10.92,10.7,10.22,10.18,10.66,10.73,10.53,10.16,10.22,11.23,10.67,10.65,11.24,11.48,11.28,11.42
Burkina Faso,,2.66,2.74,3.12,2.82,2.78,2.9,3.17,3.32,3.0,3.07,3.0,2.66,2.82,2.97,3.44,3.67,3.15,3.76,3.76,3.75,3.46,3.7,3.4,3.3,3.11,3.7,4.07,3.63,3.99,4.05,3.92,4.86,4.99,4.66,4.67,5.02,4.68,4.25,4.54,4.51,5.53,5.48,5.57,5.51,5.87,5.67,5.55,5.47,5.52,5.51,5.43,5.69,5.56,7.04,7.12,7.11,7.2,7.2
Burundi,,7.43,7.44,7.71,8.19,8.17,8.2,8.14,8.13,7.94,8.0,8.1,7.41,8.45,8.22,8.49,8.56,8.78,7.56,8.43,8.01,8.44,7.99,7.42,7.43,8.26,8.35,8.22,8.19,8.16,10.27,10.42,10.61,10.31,9.47,8.57,8.28,8.92,7.39,6.89,7.17,6.62,6.51,6.37,6.24,6.07,4.99,5.03,4.8,4.49,4.48,4.45,4.22,3.88,3.86,3.92,3.89,4.0,4.0
Cabo Verde,,1.67,1.72,1.66,1.78,1.89,1.91,1.78,2.24,2.16,2.37,2.31,3.47,3.54,3.71,4.59,3.0,2.2,2.2,1.92,2.04,2.15,1.91,2.11,2.62,2.5,2.92,3.36,3.31,2.78,2.68,3.2,3.8,4.66,4.44,3.82,4.16,3.47,3.69,4.0,3.49,3.86,3.87,4.21,4.25,4.32,4.36,5.4,4.25,4.2,4.81,5.14,5.05,3.82,4.17,4.39,4.11,4.13,4.13
Cameroon,,6.0,6.22,6.03,6.34,6.38,6.67,6.22,5.96,6.66,6.18,6.38,6.23,6.34,6.72,6.51,6.32,6.19,6.65,6.71,6.33,6.07,6.51,6.27,5.97,6.21,6.5,6.5,6.31,6.36,5.9,3.91,3.24,3.08,3.11,3.05,2.47,2.47,2.97,2.3,3.89,4.38,4.54,4.6,4.69,4.9,5.1,5.22,5.5,5.72,5.96,5.98,6.52,6.66,4.77,4.59,4.15,4.19,4.19
Canada,,7.39,7.56,7.87,6.49,6.49,6.76,6.97,7.21,7.16,7.48,7.85,8.37,8.83,9.33,9.76,9.92,9.94,10.11,10.15,10.32,10.33,10.32,10.06,9.68,9.55,9.41,9.28,9.39,9.14,8.77,8.28,8.02,7.5,7.5,7.3,7.4,7.2,7.3,7.5,,,,,,8.0,8.2,8.3,8.4,8.4,8.3,8.2,8.3,8.2,8.0,8.0,8.1,8.2,8.2
Central African Republic,,2.23,2.71,2.68,2.74,2.28,2.69,2.85,2.81,2.7,2.72,2.68,2.55,2.55,2.63,2.54,2.48,2.63,2.64,2.49,2.83,2.6,2.85,2.48,2.5,2.8,2.94,2.78,2.51,2.52,,2.12,2.06,2.28,2.04,1.93,1.74,1.58,1.68,1.54,1.68,1.67,1.6,1.61,1.6,1.57,1.7,1.69,1.73,1.66,1.87,1.89,1.87,1.62,0.75,0.87,0.87,0.88,0.88
Chad,,0.28,0.35,0.31,0.43,0.4,0.39,0.44,0.44,0.45,0.44,0.44,0.46,0.45,0.49,0.51,0.49,0.48,0.48,0.4,0.3,0.33,0.32,0.28,0.34,0.39,0.32,0.29,0.29,0.29,0.39,0.46,0.4,0.3,0.32,0.19,0.5,0.34,0.26,0.22,0.3,0.34,0.4,0.46,0.42,0.46,0.49,0.58,0.64,0.67,1.04,1.02,1.0,0.62,0.5,0.5,0.5,0.42,0.42
Chile,,,,11.14,11.6,9.69,11.34,11.4,11.6,9.09,9.2,11.61,12.8,11.1,9.99,8.6,9.69,10.33,9.8,10.32,10.22,9.74,12.64,9.98,10.04,9.72,8.93,9.49,9.52,8.65,8.61,7.99,7.82,7.67,7.73,8.34,7.43,6.57,7.25,7.61,6.24,6.1,6.06,6.37,6.32,7.57,7.33,7.39,7.31,7.67,7.55,7.02,8.35,7.23,7.92,7.89,7.78,7.84,7.84
China,,0.49,0.6,0.62,0.64,0.66,0.8,0.7,0.75,0.81,0.75,0.84,0.89,1.0,1.05,1.18,1.34,1.21,1.23,1.33,1.7,1.89,2.06,2.28,2.36,2.53,2.92,3.3,3.5,3.16,3.34,3.4,3.54,3.8,3.98,4.7,4.48,4.6,3.88,3.61,3.01,2.81,2.88,2.89,2.96,2.92,3.28,3.89,4.27,4.88,5.75,5.57,5.69,5.76,5.76,5.66,5.63,5.64,5.62
Colombia,,4.45,4.45,4.66,4.53,4.25,3.96,3.51,3.52,4.04,3.66,3.86,3.87,4.1,4.47,4.16,4.65,4.84,5.0,4.51,6.21,6.29,6.16,6.33,6.18,6.33,6.61,6.81,7.18,6.96,7.01,7.29,6.18,6.66,6.83,6.96,6.69,6.45,6.55,6.29,4.52,4.31,4.32,4.14,4.13,4.27,4.43,4.54,4.35,4.24,4.19,4.28,4.36,4.33,4.34,4.48,4.54,4.33,4.29
Comoros,,0.12,0.13,0.21,0.14,0.14,0.24,0.19,0.21,0.17,0.2,0.24,0.23,0.22,0.22,0.21,0.17,0.14,0.15,0.05,0.06,0.19,0.16,0.06,0.5,0.38,0.16,0.08,0.08,0.11,0.19,0.14,0.12,0.12,0.1,0.11,0.06,0.1,0.07,0.08,0.08,0.1,0.13,0.26,0.27,0.24,0.24,0.15,0.12,0.18,0.14,0.11,0.11,0.25,0.19,0.23,0.23,0.23,0.23
Congo,,4.41,3.53,2.94,3.08,2.6,2.54,2.85,2.88,2.99,2.76,2.75,2.98,3.39,3.39,5.02,4.32,4.03,4.1,3.59,3.84,4.42,4.74,5.52,5.92,5.45,5.09,4.15,3.82,3.03,2.45,2.79,2.83,2.87,2.06,2.02,2.11,1.73,1.88,2.08,2.05,2.05,2.33,2.26,2.03,2.28,2.68,2.91,3.23,3.45,3.94,4.12,4.27,4.34,4.49,4.39,5.86,5.68,5.75
Costa Rica,,3.16,2.89,3.76,3.74,4.05,4.56,3.38,3.48,3.71,3.67,3.57,3.84,3.9,3.68,3.48,4.04,4.47,5.15,5.02,4.63,4.62,4.65,4.51,4.87,5.04,4.86,4.23,5.51,5.4,6.09,6.1,5.57,5.64,6.07,5.91,5.58,5.62,5.59,5.42,4.24,4.25,4.16,4.05,4.08,4.11,4.19,4.25,4.29,4.14,3.75,3.58,3.51,3.6,3.64,3.72,3.77,3.84,3.79
CÃ´te d'Ivoire,,2.8,2.38,2.8,3.19,2.96,2.89,2.55,2.87,2.35,2.26,2.72,2.8,2.73,3.07,3.33,3.82,4.56,4.36,4.0,4.89,4.15,3.76,3.07,2.77,3.12,2.8,2.49,2.3,2.2,4.24,4.35,4.17,4.27,3.97,4.59,4.46,4.47,4.42,4.54,4.65,4.67,4.56,4.65,0.85,0.85,0.81,0.91,0.97,0.99,1.13,1.17,1.25,1.22,1.39,1.58,1.53,1.58,1.45
Cuba,,2.44,1.88,2.11,2.42,2.24,2.19,2.36,1.88,1.49,2.0,2.36,3.06,3.01,3.13,3.65,2.79,2.92,3.06,2.99,3.01,2.96,3.59,3.66,3.75,3.96,4.04,4.37,4.45,4.37,3.98,3.54,3.75,2.91,3.84,3.59,3.45,3.39,3.71,3.96,3.93,4.05,4.1,4.39,4.36,4.48,4.17,4.12,4.25,3.97,4.07,4.11,4.09,4.13,4.3,4.42,4.35,4.46,4.5
Cyprus,,5.15,4.44,5.14,5.22,5.5,4.83,5.18,4.75,4.75,4.76,5.0,5.42,5.27,4.27,4.67,4.75,5.21,5.69,5.99,6.28,6.71,6.99,7.46,7.61,7.93,8.33,8.88,9.61,9.29,9.46,9.16,10.38,9.41,9.53,9.47,8.49,8.33,8.68,8.93,9.56,10.16,11.68,10.62,13.03,11.41,11.48,11.58,12.03,10.81,11.33,10.71,10.58,9.07,9.63,9.59,9.59,9.59,9.59
Czechia,,9.0,9.12,9.06,9.36,10.18,10.49,10.64,10.61,11.42,11.9,11.57,12.66,12.95,13.11,13.33,13.62,14.2,14.64,13.17,13.99,14.23,14.12,14.14,14.29,14.24,13.01,13.2,12.84,13.01,,13.74,14.39,13.72,13.83,13.74,13.78,14.05,13.92,13.85,13.9,13.64,13.77,13.87,13.42,13.66,13.58,13.83,13.65,13.43,12.68,12.56,12.82,12.53,12.74,12.76,12.93,12.93,12.93
Democratic People's Republic of Korea,,2.77,2.89,2.96,2.97,2.83,2.65,2.46,2.39,2.66,2.63,2.74,2.66,2.96,2.93,2.26,2.11,2.16,2.43,2.46,2.64,2.8,2.76,3.01,3.33,3.47,3.51,3.59,3.66,3.68,3.71,3.74,3.73,3.83,3.7,3.87,5.67,5.57,5.99,5.93,3.54,2.54,3.09,3.13,3.13,3.2,3.27,3.12,3.15,3.34,3.11,3.38,3.6,3.34,3.36,3.3,3.3,3.3,3.3
Democratic Republic of the Congo,,2.21,2.08,2.09,2.19,2.46,2.41,2.38,2.25,2.48,2.71,2.83,3.05,3.19,3.52,3.28,2.87,2.58,2.33,2.13,2.1,2.17,2.08,2.16,2.27,2.69,2.34,2.36,2.12,1.92,2.29,2.11,1.93,1.96,1.84,1.99,1.87,1.89,1.89,1.89,0.55,0.47,0.52,0.48,0.34,0.37,0.44,0.87,1.13,1.01,0.63,0.71,0.73,0.83,0.8,0.6,0.61,0.58,0.58
Denmark,,6.54,6.56,6.65,7.23,7.0,7.67,7.89,8.06,8.86,9.58,9.4,10.1,10.89,10.68,11.47,11.84,11.43,10.91,11.41,11.5,12.09,12.47,12.81,12.4,12.2,12.26,11.74,11.9,11.65,11.85,11.76,11.94,11.89,12.14,12.16,12.27,12.2,11.69,11.62,11.68,11.54,11.32,11.53,11.26,11.26,11.02,10.99,10.7,10.08,10.27,10.45,9.23,9.44,9.56,9.42,9.51,9.3,9.31
Djibouti,,3.98,4.37,4.09,4.01,3.69,3.96,3.49,3.97,3.29,3.46,3.22,2.85,3.35,2.65,2.44,1.67,2.6,2.73,2.1,1.76,1.91,2.04,2.69,2.48,2.96,2.27,1.6,0.97,0.87,0.78,0.76,0.6,0.69,0.57,0.42,0.47,1.48,1.34,0.93,1.24,1.33,1.11,0.52,0.51,1.22,1.03,0.45,0.49,0.47,0.49,0.39,0.41,0.36,0.33,0.32,0.33,0.28,0.25
Dominican Republic,,1.18,2.07,2.28,2.23,1.87,2.01,1.82,1.89,2.04,2.25,2.34,2.48,2.51,2.91,3.0,3.32,3.7,3.46,3.75,3.82,3.79,3.69,3.38,3.63,3.52,3.73,4.38,4.32,4.53,5.34,4.94,6.04,5.63,5.86,5.52,5.67,5.8,6.01,6.29,6.72,6.36,6.65,6.53,5.31,5.75,5.84,5.92,5.91,5.63,5.54,5.48,5.52,5.53,5.47,5.59,5.55,5.6,5.54
Ecuador,,1.25,1.28,1.26,1.42,1.44,1.52,1.45,1.59,1.69,1.5,1.53,1.82,1.99,2.32,2.76,3.22,3.11,3.72,3.56,3.39,3.14,2.95,2.79,2.33,2.32,2.5,2.54,3.35,2.54,2.1,2.43,2.44,2.39,2.14,2.3,1.67,1.52,1.8,1.58,4.01,4.19,3.98,4.04,4.09,3.9,3.88,3.99,4.12,4.2,4.28,4.21,4.12,3.98,3.98,3.88,3.34,3.08,3.16
Egypt,,0.57,0.57,0.54,0.54,0.53,0.51,0.47,0.43,0.44,0.35,0.27,0.18,0.19,0.17,0.11,0.19,0.24,0.3,0.29,0.35,0.31,0.36,0.35,0.37,0.37,0.39,0.39,0.41,0.42,0.1,0.09,0.08,0.08,0.08,0.08,0.08,0.08,0.08,0.08,0.14,0.13,0.14,0.14,0.14,0.15,0.17,0.19,0.21,0.19,0.2,0.19,0.19,0.19,0.19,0.18,0.15,0.13,0.13
El Salvador,,1.51,1.52,1.5,1.59,1.72,1.52,1.53,1.56,1.49,1.62,1.53,1.54,1.62,2.23,2.55,2.76,3.06,3.01,2.98,2.88,3.08,2.79,2.54,2.56,2.57,2.41,2.26,1.84,1.77,2.2,2.32,2.17,2.46,2.64,2.77,2.57,2.83,2.79,3.18,2.65,2.76,2.85,2.91,2.78,2.68,2.67,2.73,2.59,2.48,2.29,2.31,2.41,2.34,2.45,2.54,2.64,2.81,2.82
Eritrea,,0.86,0.83,0.81,0.79,0.77,0.75,0.74,0.72,0.61,0.68,0.59,0.57,0.55,0.57,,0.58,0.55,0.51,0.63,0.61,0.59,0.58,0.57,0.55,0.54,0.3,0.39,0.42,0.29,0.22,0.22,0.7,1.29,1.53,2.16,1.64,1.57,1.73,1.41,0.88,0.67,0.89,0.62,0.72,1.18,1.29,1.75,0.66,0.85,0.84,0.88,0.75,0.74,0.73,0.72,0.68,0.67,0.67
Eswatini,,7.03,6.32,5.27,4.8,5.0,5.49,6.26,6.75,7.46,8.66,10.7,9.87,11.37,11.22,12.1,11.51,9.69,9.48,8.29,8.77,5.79,6.8,6.03,7.66,9.69,6.47,3.47,4.4,6.68,5.14,5.57,4.87,6.57,5.69,6.33,5.68,8.26,7.47,7.88,6.8,6.7,5.51,5.62,5.76,5.05,6.26,6.34,5.64,5.65,5.66,5.93,5.5,6.47,7.38,7.29,7.5,7.46,7.46
Ethiopia,,0.86,0.86,0.85,0.84,0.89,0.88,0.84,0.81,0.82,0.83,0.84,0.78,0.7,0.7,0.58,0.48,0.79,0.61,0.84,0.92,0.9,0.76,0.98,0.68,0.63,0.62,0.63,0.66,0.86,0.92,0.78,0.65,0.68,0.65,0.7,0.78,0.85,0.8,0.9,0.19,0.2,0.16,0.14,0.21,0.21,0.29,0.31,0.32,0.32,0.31,0.35,0.44,0.46,0.53,0.62,0.86,0.95,0.95
Fiji,,1.24,1.1,1.21,1.56,1.67,1.42,1.26,1.61,1.83,2.0,2.33,2.62,3.08,3.15,3.0,3.05,3.17,2.98,3.11,2.73,2.64,2.45,2.24,2.19,2.05,1.81,1.65,1.79,1.95,2.34,2.15,2.15,2.05,1.9,1.81,2.11,2.0,1.96,2.24,2.46,2.35,2.27,2.07,2.05,2.03,2.07,2.1,1.96,2.32,2.25,2.13,2.24,2.51,2.49,2.43,2.41,2.42,2.42
Finland,,2.91,3.02,3.07,3.1,3.28,3.46,3.63,3.93,5.72,5.84,6.39,6.8,7.38,8.42,8.0,8.09,8.15,7.89,7.84,7.94,8.01,7.92,7.94,8.06,8.02,8.51,8.75,9.03,9.42,9.53,9.22,8.88,8.39,8.16,8.31,8.24,8.56,8.6,8.62,8.88,8.94,9.25,9.31,9.89,9.95,10.15,10.45,10.26,9.96,9.72,9.81,9.27,9.08,8.76,8.52,8.44,8.37,8.37
France,,26.04,24.6,24.63,23.96,23.37,23.32,23.05,22.48,22.15,21.77,21.44,21.2,21.4,21.15,21.12,20.84,20.74,19.88,19.4,18.97,18.33,18.25,17.72,16.89,16.59,16.13,15.9,15.86,16.05,15.73,14.85,14.72,14.24,14.11,14.12,13.77,13.31,13.27,13.15,13.92,14.15,13.92,13.45,13.14,12.88,13.05,12.95,12.53,12.66,12.3,12.35,12.22,11.73,12.07,11.87,11.74,11.69,11.24
Gabon,,5.52,6.02,5.31,6.77,6.17,6.13,6.85,5.73,5.86,5.96,6.17,6.39,6.25,7.33,10.61,14.57,13.76,12.7,11.48,11.89,11.88,14.44,14.67,15.14,14.75,13.73,11.4,12.28,9.34,9.48,10.44,8.75,8.39,7.26,9.35,8.7,9.41,8.67,8.93,8.89,9.27,8.29,6.41,8.02,7.56,7.77,8.65,8.31,8.12,8.23,7.9,7.41,7.6,8.24,8.15,7.5,7.19,7.16
Gambia,,3.18,3.08,3.04,2.91,2.81,2.58,2.37,2.49,2.54,2.28,2.53,2.47,2.45,2.31,1.39,1.11,1.07,1.15,1.32,0.72,0.94,1.47,1.56,1.27,1.67,2.19,1.96,1.8,1.64,1.66,1.45,1.72,1.43,1.56,1.38,1.44,1.58,1.88,2.17,3.16,3.28,3.37,3.63,3.56,3.31,3.25,3.19,2.98,3.05,3.06,2.92,2.96,2.89,2.93,2.96,2.79,2.8,2.8
Germany,,11.03,12.05,12.85,13.71,14.0,13.59,13.51,14.04,14.98,15.53,16.54,16.25,16.74,15.92,16.84,17.23,16.44,16.27,16.67,16.45,16.01,15.69,15.75,15.14,15.14,14.72,14.82,14.61,14.64,14.89,13.92,13.84,13.5,13.37,13.35,13.12,13.0,12.74,12.94,12.91,12.46,12.25,11.92,11.83,11.68,11.76,11.51,11.37,11.23,11.21,11.32,11.31,11.07,11.06,11.05,10.93,10.81,10.81
Ghana,,1.46,1.47,1.48,1.53,1.39,1.66,1.44,1.27,1.35,1.86,2.18,2.07,2.14,2.36,1.93,2.34,1.99,1.57,1.86,1.63,1.64,1.51,1.47,1.61,1.46,1.35,1.71,1.55,1.49,1.3,1.46,1.57,1.82,1.86,1.94,1.87,1.65,1.72,1.64,1.95,1.85,1.95,1.91,0.55,0.56,0.65,0.67,1.26,1.26,1.73,1.84,1.91,1.89,1.88,1.84,1.62,1.67,1.56
Greece,,,,9.67,9.82,9.99,10.1,10.09,10.15,10.18,10.33,10.39,10.43,10.67,10.88,10.88,11.01,10.92,11.39,11.59,13.21,12.04,11.01,11.78,11.59,10.88,8.92,9.82,10.1,10.15,10.33,10.18,9.99,10.67,10.43,10.09,9.67,9.5,9.03,9.47,8.6,8.75,8.22,8.91,9.1,9.15,8.68,8.89,8.73,8.32,8.2,7.34,7.5,7.44,6.96,6.57,6.37,6.4,6.1
Guatemala,,2.36,2.24,2.28,2.28,2.26,2.2,1.97,1.9,1.9,1.85,2.1,2.29,3.0,2.99,2.94,3.06,2.54,2.47,2.45,2.49,2.73,2.91,2.82,3.02,3.03,2.58,2.77,3.04,2.47,3.0,2.31,2.4,2.05,1.68,2.09,2.19,1.95,1.65,1.32,2.52,2.41,2.3,2.34,2.38,2.34,2.36,2.36,2.1,2.03,2.02,2.04,1.9,1.82,1.68,1.64,1.59,1.6,1.62
Guinea,,0.24,0.22,0.19,0.18,0.17,0.16,0.15,0.15,0.14,0.14,0.14,0.14,0.14,0.11,0.12,0.13,0.14,0.12,0.08,0.06,0.05,0.05,0.05,0.05,0.06,0.15,0.18,0.19,0.21,0.17,0.27,0.37,0.4,0.41,0.57,0.32,0.24,0.39,0.33,0.18,0.17,0.21,0.18,0.34,0.2,0.15,0.19,0.21,0.19,0.2,0.22,0.23,0.24,0.31,0.37,0.35,0.31,0.31
Guinea-Bissau,,2.13,2.32,2.81,3.01,3.07,3.49,3.2,3.38,3.17,3.08,3.23,3.11,4.07,3.46,3.16,2.86,3.22,2.32,2.63,2.53,3.19,3.55,3.16,3.11,2.84,2.44,2.46,0.0,2.67,2.88,3.05,2.79,3.12,3.0,2.96,2.78,2.31,2.06,2.16,3.02,2.75,2.6,3.07,3.56,3.69,3.48,3.22,3.01,2.89,2.98,3.11,2.96,2.86,2.97,2.98,3.1,3.23,3.23
Guyana,,3.24,3.12,2.72,2.77,3.06,2.9,3.43,2.8,2.62,2.83,3.53,3.03,3.14,3.58,3.55,4.48,4.07,4.45,4.14,5.02,6.21,6.06,5.17,4.06,5.89,6.06,7.6,10.35,9.94,8.08,8.58,9.3,9.39,8.86,8.54,8.55,6.54,7.82,7.17,6.82,7.36,8.47,8.75,8.65,5.84,5.68,5.73,5.83,5.87,5.92,6.01,6.11,6.14,6.29,5.94,5.88,5.56,5.42
Haiti,,7.62,7.58,7.61,6.32,6.52,6.27,5.5,5.75,5.92,6.09,6.12,6.15,6.31,6.32,6.34,6.36,6.25,6.25,6.35,6.45,6.45,6.72,5.26,4.45,6.41,5.74,5.11,5.66,5.8,6.12,5.53,4.8,4.72,4.6,5.42,6.15,6.0,5.87,5.73,3.63,3.62,3.65,3.56,3.58,3.49,3.51,3.44,3.49,3.53,2.32,2.4,2.47,2.88,2.69,2.67,2.72,2.8,2.74
Honduras,,1.29,1.32,1.29,1.46,1.66,1.72,1.66,1.81,1.79,2.04,2.09,2.1,2.21,2.33,2.3,2.22,2.59,2.71,2.93,2.67,2.58,2.3,2.19,2.18,1.9,2.04,2.01,2.25,2.15,2.47,2.48,2.42,2.59,2.27,2.55,2.43,2.7,2.57,2.6,2.47,2.61,2.92,2.87,2.83,3.02,3.03,2.94,2.85,2.76,2.69,2.72,2.7,2.69,2.43,2.51,2.54,2.68,2.73
Hungary,,9.02,9.26,9.14,10.21,9.53,9.58,10.42,10.64,11.77,12.4,12.79,12.73,12.82,12.86,13.79,14.72,15.67,16.06,15.59,16.88,16.73,16.82,16.39,16.82,16.74,16.67,15.7,15.34,16.29,16.15,15.43,14.82,14.16,13.71,12.56,12.55,12.51,12.69,12.09,12.23,13.18,13.28,13.24,13.28,12.95,13.25,12.54,11.75,11.52,10.7,11.37,11.13,10.73,10.92,10.95,11.28,10.79,10.79
Iceland,,3.04,3.41,3.55,3.64,3.79,4.2,4.42,3.87,3.91,4.57,4.88,5.04,5.19,5.3,4.75,4.76,5.09,4.8,5.12,4.97,5.05,4.92,5.11,5.37,5.34,5.47,5.64,5.47,5.35,5.24,5.14,4.73,4.45,4.61,4.76,4.9,5.1,5.56,5.9,6.14,6.32,6.53,6.52,6.71,7.05,7.2,7.53,7.19,7.24,6.79,6.84,6.82,6.8,7.01,7.66,7.5,7.75,7.72
India,,0.71,0.71,0.6,0.67,0.6,0.67,0.69,0.81,0.85,0.83,0.93,0.93,0.98,1.02,0.98,1.05,1.05,1.11,1.08,1.06,1.1,1.17,1.17,1.15,1.26,1.32,1.49,1.55,1.66,1.71,1.84,1.59,1.76,1.71,1.83,1.91,1.54,1.43,1.73,0.93,0.98,1.08,1.17,1.18,1.25,1.35,1.57,1.92,2.46,2.74,2.96,3.06,3.05,3.01,3.01,2.97,2.86,3.05
Indonesia,,0.03,0.03,0.03,0.03,0.03,0.03,0.03,0.03,0.04,0.06,0.06,0.07,0.08,0.09,0.08,0.06,0.07,0.07,0.07,0.08,0.09,0.1,0.08,0.06,0.06,0.07,0.07,0.07,0.06,0.07,0.06,0.06,0.08,0.06,0.11,0.11,0.1,0.09,0.09,0.06,0.06,0.05,0.05,0.05,0.06,0.06,0.06,0.07,0.07,0.08,0.08,0.08,0.09,0.09,0.08,0.08,0.08,0.08
Iran (Islamic Republic of),,0.14,0.14,0.14,0.14,0.17,0.18,0.19,0.33,0.36,0.3,0.35,0.45,0.56,0.53,0.5,0.48,0.41,0.25,0.05,0.0,0.0,0.0,0.0,0.0,0.0,0.0,0.0,0.0,0.0,0.0,0.0,0.0,0.0,0.0,0.0,0.0,0.0,0.0,0.0,0.01,0.01,0.01,0.01,0.01,0.01,0.02,0.02,0.03,0.03,0.03,0.03,0.02,0.01,0.01,0.01,0.02,0.03,0.03
Iraq,,0.52,0.48,0.45,0.43,0.42,0.43,0.39,0.43,0.42,0.38,0.4,0.43,0.48,0.54,0.64,0.64,0.62,0.69,0.73,0.73,0.69,0.8,0.68,0.9,0.66,0.76,0.66,0.67,0.75,0.48,0.24,0.27,0.39,0.33,0.34,0.26,0.23,0.22,0.21,0.22,0.19,0.17,0.08,0.33,0.18,0.03,0.15,0.17,0.2,0.19,0.18,0.2,0.17,0.15,0.14,0.16,0.17,0.17
Ireland,,,,7.39,7.67,7.7,7.87,8.02,8.77,9.17,10.58,11.13,12.0,13.11,13.67,13.84,13.55,13.56,13.86,13.83,13.19,12.51,11.9,10.87,11.07,11.62,11.23,10.99,11.39,11.79,12.13,12.2,12.51,12.34,12.67,12.86,13.66,14.18,14.44,14.95,13.84,14.04,13.95,13.04,13.11,13.06,13.12,13.17,12.18,10.93,11.38,11.3,11.2,10.35,10.73,10.68,11.22,11.12,11.2
Israel,,4.39,4.8,4.12,5.05,4.86,4.38,4.48,4.51,4.89,4.56,4.66,4.91,4.86,4.74,5.09,5.0,3.92,3.52,3.05,2.92,2.8,2.65,2.8,2.65,2.69,2.26,2.26,2.18,2.03,1.84,1.73,1.81,2.18,1.72,1.5,1.62,2.03,2.09,2.0,2.58,2.83,2.79,2.58,2.44,2.46,2.3,2.46,2.59,2.67,2.74,2.78,2.85,2.87,2.69,2.71,2.69,2.98,2.99
Italy,,19.24,19.44,18.18,17.75,18.42,18.73,19.01,19.71,19.73,19.72,19.56,19.49,19.89,19.65,18.32,17.6,16.99,16.53,16.49,16.73,15.07,14.5,14.55,14.08,13.22,12.37,11.76,11.41,10.95,10.99,10.82,10.55,10.27,10.12,9.62,9.13,9.12,8.98,8.86,9.78,9.68,9.25,9.3,8.98,8.65,8.44,8.37,7.96,7.25,6.95,6.97,7.48,7.34,7.33,7.14,7.1,7.37,7.81
Jamaica,,2.02,2.39,2.14,2.39,2.07,2.35,3.05,2.98,3.39,3.75,3.72,4.14,4.3,4.28,4.84,4.76,4.24,4.56,4.29,4.57,3.99,3.99,4.2,3.21,2.68,2.78,3.12,3.12,3.06,3.54,4.83,4.47,3.43,2.98,2.87,2.92,2.86,2.74,2.72,3.77,3.72,3.61,3.43,3.32,3.36,3.35,3.31,3.35,3.24,3.37,3.35,3.37,3.44,3.42,3.48,3.38,3.47,3.63
Japan,,4.03,4.02,4.11,4.16,3.87,4.07,4.35,4.34,4.25,4.51,4.65,4.96,5.2,5.18,5.28,5.23,5.69,5.73,6.02,6.63,6.77,6.88,7.12,7.11,6.98,7.21,7.69,8.17,7.74,8.28,8.03,8.09,8.37,8.29,8.16,8.06,8.15,8.1,8.17,7.96,8.01,7.86,7.82,7.69,7.98,7.48,7.28,7.06,6.98,6.88,6.86,6.83,6.96,6.71,6.85,6.82,6.8,6.82
Jordan,,0.14,0.14,0.15,0.13,0.14,0.18,0.16,0.22,0.18,0.14,0.12,0.15,0.17,0.18,0.22,0.33,0.38,0.49,0.59,0.44,0.33,0.39,0.54,0.37,0.24,0.3,0.3,0.28,0.18,0.2,0.14,0.11,0.15,0.15,0.15,0.16,0.17,0.15,0.15,0.47,0.52,0.51,0.5,0.5,0.51,0.55,0.56,0.58,0.56,0.48,0.4,0.38,0.37,0.37,0.32,0.32,0.3,0.28
Kenya,,3.36,3.4,3.42,3.45,3.25,3.92,3.98,3.81,3.77,4.13,4.11,3.98,4.38,4.39,4.28,4.3,4.35,4.29,3.95,3.9,3.26,2.62,2.4,2.47,2.8,2.76,2.78,2.9,2.83,2.91,2.55,2.57,2.04,1.9,2.13,1.82,1.91,1.72,1.65,1.51,1.64,1.67,1.5,0.69,0.88,0.86,1.2,1.32,1.17,1.55,1.51,1.53,1.57,1.38,1.53,1.63,1.65,1.71
Kiribati,,0.38,0.39,0.48,0.57,0.55,0.67,0.77,0.87,0.65,0.94,0.96,1.23,1.11,1.89,1.06,1.08,1.17,1.13,1.32,1.17,0.95,0.81,0.67,0.57,0.52,0.58,0.63,0.5,0.48,0.44,0.63,0.58,0.58,0.54,0.71,0.69,0.62,0.77,0.73,0.56,0.71,0.51,0.44,0.49,0.61,0.69,0.55,0.46,0.54,0.46,0.52,0.37,0.75,0.5,0.37,0.38,0.36,0.36
Kuwait,,0.02,0.02,0.02,0.02,0.06,0.09,0.09,0.09,0.12,0.11,0.12,0.1,0.0,0.0,0.0,0.0,0.0,0.0,0.0,0.0,0.0,0.0,0.0,0.0,0.0,0.0,0.0,0.0,0.0,0.0,0.0,0.0,0.0,0.0,0.0,0.0,0.0,0.0,0.0,0.01,0.01,0.01,0.01,0.02,0.01,0.01,0.03,0.03,0.1,0.01,0.01,0.01,0.01,0.01,0.01,0.01,0.01,0.01
Lao People's Democratic Republic,,3.03,2.82,2.9,2.99,3.3,3.54,4.0,3.96,3.91,4.14,3.91,3.98,4.18,4.43,4.19,4.17,3.85,3.54,3.5,4.2,4.56,4.62,4.65,4.67,4.81,4.93,4.6,4.71,7.51,4.84,4.79,4.77,4.81,5.0,4.98,5.08,5.17,5.2,5.32,5.19,3.14,3.35,3.43,3.54,3.69,3.71,5.03,5.15,5.25,6.05,6.26,6.3,6.42,6.64,6.84,7.11,7.26,7.26
Lebanon,,4.03,3.52,3.34,3.88,3.52,2.88,3.05,2.71,3.08,2.99,3.34,3.09,3.1,3.02,2.95,2.99,2.87,3.01,3.07,3.11,3.31,3.37,3.29,3.47,3.74,4.12,3.81,4.04,3.94,1.63,2.6,2.09,2.37,2.45,2.38,1.42,2.08,1.59,1.5,2.37,2.32,2.06,1.96,1.87,1.73,1.65,1.59,1.57,1.53,1.5,1.41,1.33,1.27,1.27,1.24,1.27,1.32,1.33
Lesotho,,2.16,2.13,2.12,2.31,2.19,2.19,1.94,1.9,1.71,1.93,2.16,,1.55,2.85,1.68,1.38,2.52,3.78,3.22,3.41,3.33,2.25,3.56,3.3,2.55,2.35,2.1,2.19,2.02,2.48,2.03,2.0,2.41,2.48,2.26,2.14,2.03,1.92,2.08,3.09,2.85,2.93,1.97,1.78,1.94,2.77,2.85,2.91,2.92,2.8,2.4,2.46,2.58,2.6,2.81,2.89,2.82,2.82
Liberia,,1.61,1.86,1.63,1.71,1.53,1.89,1.91,2.01,2.17,2.45,2.75,2.76,2.95,3.42,3.72,3.67,3.8,3.85,3.89,3.99,3.72,3.42,3.28,3.62,3.99,4.43,4.88,5.52,5.62,4.55,4.66,4.96,4.97,5.16,5.17,4.64,4.53,4.15,3.85,4.47,4.42,4.29,4.23,4.25,4.2,4.06,4.05,3.9,3.76,3.64,3.75,3.76,3.73,3.47,3.52,3.53,3.55,3.55
Libya,,0.74,0.89,0.78,0.8,0.67,0.86,0.88,0.96,0.86,0.04,0.03,0.0,0.0,0.0,0.0,0.0,0.0,0.0,0.0,0.0,0.0,0.0,0.0,0.0,0.0,0.0,0.0,0.0,0.0,0.0,0.0,0.0,0.0,0.0,0.0,0.0,0.0,0.01,0.02,0.01,0.0,0.0,0.01,0.01,0.01,0.01,0.01,0.01,0.01,0.01,0.0,0.02,0.01,0.03,0.01,0.0,0.01,0.01
Luxembourg,,18.54,18.33,18.74,18.84,18.69,18.46,18.28,18.26,18.56,18.65,18.99,18.73,19.07,18.54,18.98,19.03,18.59,18.08,18.03,17.57,17.04,16.84,16.61,15.9,15.74,15.3,15.23,15.11,15.21,15.03,14.26,14.18,13.74,13.61,13.61,13.31,13.03,12.88,12.92,13.21,13.1,12.88,12.52,12.34,12.31,12.5,12.27,11.99,11.98,11.84,11.74,11.66,11.25,11.41,11.36,11.24,11.16,10.94
Madagascar,,3.16,3.12,3.37,3.06,2.38,2.13,1.95,2.04,1.95,1.88,1.92,1.74,1.86,1.64,1.78,1.77,1.72,1.85,1.58,1.55,1.61,1.33,1.44,1.18,1.29,1.4,1.33,1.31,1.38,1.52,1.26,1.3,1.14,1.26,1.24,1.29,1.01,1.06,1.21,1.17,1.05,0.8,0.83,0.8,0.74,0.59,0.64,0.61,0.83,0.96,0.9,0.86,0.85,0.78,0.88,0.89,0.91,0.91
Malawi,,0.05,1.6,1.72,1.89,1.96,2.07,2.17,2.33,2.58,2.41,2.72,3.13,3.22,3.33,3.56,3.49,3.79,1.63,1.61,1.69,1.81,1.64,1.17,1.09,1.35,1.36,1.12,1.1,1.02,0.94,1.06,1.15,0.99,1.12,1.59,1.61,1.26,1.32,1.29,1.36,1.3,1.25,1.22,1.25,1.45,1.94,1.93,1.9,1.73,1.63,1.81,1.79,1.94,1.94,1.99,2.0,2.0,2.0
Malaysia,,0.59,0.52,0.49,0.47,0.52,0.5,0.49,0.46,0.45,0.41,0.41,0.39,0.53,0.56,0.5,0.57,0.57,0.65,0.76,0.83,0.83,0.81,0.65,0.66,0.69,0.64,0.64,0.66,0.68,0.79,0.75,0.94,0.89,0.88,0.94,0.92,0.97,1.01,1.08,0.56,0.52,0.52,0.51,0.51,0.49,0.45,0.46,0.5,0.5,0.52,0.55,0.57,0.56,0.55,0.54,0.59,0.58,0.58
Mali,,0.68,0.63,0.65,0.56,0.48,0.51,0.56,0.62,0.56,0.7,0.56,0.55,0.52,0.56,0.55,0.57,0.55,0.48,0.5,0.4,0.39,0.51,0.44,0.46,0.64,0.61,0.62,0.67,0.67,0.63,0.54,0.47,0.46,0.46,0.48,0.51,0.49,0.4,0.42,0.58,0.6,0.61,0.56,0.55,0.55,0.55,0.56,0.58,0.57,0.59,0.61,0.62,0.59,0.58,0.59,0.58,0.59,0.59
Malta,,1.99,1.51,1.71,2.07,2.18,2.85,2.81,2.55,2.9,3.65,3.28,2.89,3.88,4.06,4.25,5.32,5.0,5.8,5.73,5.38,5.24,4.94,4.29,5.05,4.91,5.33,5.0,7.15,7.13,7.21,7.22,7.17,7.21,7.2,7.19,7.22,6.46,6.7,6.81,5.94,5.99,6.12,6.54,6.61,6.14,8.25,7.47,6.87,7.1,6.98,6.89,7.2,7.37,7.37,7.29,7.51,7.78,7.87
Mauritania,,0.11,0.12,0.1,0.06,0.07,0.04,0.04,0.05,0.04,0.12,0.11,0.2,0.17,0.12,0.08,0.14,0.11,0.12,0.07,0.08,0.06,0.04,0.05,0.04,0.05,0.03,0.02,0.01,0.03,0.02,0.06,0.02,0.02,0.01,0.01,0.02,0.02,0.02,0.02,0.03,0.01,0.01,0.0,0.01,0.01,0.01,0.02,0.02,0.0,0.01,0.01,0.0,0.0,0.0,0.0,0.0,0.0,0.0
Mauritius,,2.53,2.62,2.75,2.46,2.33,1.99,2.23,1.83,1.69,1.65,1.79,1.96,2.07,2.76,2.98,3.23,3.66,4.47,4.11,3.02,2.82,2.87,2.97,2.82,2.86,3.04,3.42,3.57,3.54,2.62,3.02,3.28,2.84,2.79,2.95,2.91,3.19,3.28,3.75,4.58,4.31,3.91,4.02,4.1,3.83,3.72,3.23,2.47,2.8,2.96,3.04,2.97,2.98,2.82,2.61,3.07,3.1,3.09
Mexico,,2.81,2.77,2.6,2.93,3.12,3.14,3.47,3.41,3.46,3.38,3.12,3.29,3.45,3.75,3.87,4.04,4.29,4.04,4.33,4.52,4.76,4.51,4.33,4.38,4.45,4.43,4.7,4.49,5.1,4.89,4.84,5.27,5.23,5.18,5.14,5.26,4.76,4.88,4.85,5.16,5.02,4.92,5.01,5.0,5.03,5.2,4.24,4.27,4.37,4.05,4.0,3.86,3.81,3.94,4.24,4.25,4.25,4.25
Micronesia (Federated States of),,0.0,0.0,0.0,0.0,0.0,0.0,0.0,0.0,0.0,0.0,0.0,0.0,0.0,0.0,0.0,0.0,0.0,0.0,0.0,0.0,0.0,0.0,0.0,0.0,0.0,0.0,0.0,0.0,0.0,0.0,0.0,0.0,0.0,0.0,3.71,3.65,3.61,3.58,3.54,2.23,2.83,2.79,3.16,2.03,1.9,1.73,1.63,1.97,2.05,1.78,1.91,2.98,1.67,1.59,1.59,1.59,1.59,1.59
Mongolia,,1.28,1.37,1.65,1.59,1.83,1.85,1.86,1.87,1.88,1.7,1.86,1.87,2.04,2.44,2.97,3.13,3.48,3.48,3.68,3.64,3.75,4.03,3.52,3.65,3.33,2.72,2.1,2.16,2.59,2.23,2.06,1.72,1.86,1.68,2.05,1.52,1.63,3.23,2.36,2.15,2.18,2.41,1.67,1.7,5.17,4.59,9.12,8.92,6.56,7.74,6.66,7.55,12.64,9.93,8.4,6.9,6.24,5.77
Morocco,,1.91,1.58,1.08,0.94,0.92,0.78,0.96,0.96,0.76,0.79,0.68,0.83,0.82,0.82,0.88,0.87,0.88,0.79,0.61,0.64,0.73,0.58,0.55,0.54,0.56,0.72,0.77,0.76,0.7,0.71,0.79,0.75,0.61,0.6,0.56,0.5,0.48,0.64,0.51,0.45,0.45,0.46,0.48,0.47,0.46,0.48,0.48,0.5,0.53,0.47,0.46,0.46,0.45,0.41,0.39,0.4,0.43,0.43
Mozambique,,1.89,1.68,1.49,1.71,1.73,1.97,1.9,1.87,1.62,1.45,1.12,1.42,1.26,1.13,0.84,0.66,0.82,0.61,0.61,0.93,0.62,0.35,0.37,0.26,0.25,0.37,0.29,0.27,0.39,0.51,0.65,0.57,0.48,0.57,0.81,0.69,0.62,0.67,1.02,0.65,0.65,0.66,0.6,0.59,0.6,0.59,0.69,0.74,0.69,0.84,0.93,0.99,0.99,1.06,1.22,1.25,1.24,1.24
Myanmar,,0.25,0.34,0.23,0.3,0.4,0.34,0.34,0.3,0.38,0.34,0.27,0.36,0.41,0.15,0.11,0.19,0.18,0.21,0.2,0.17,0.2,0.22,0.23,0.29,0.3,0.28,0.27,0.16,0.15,0.12,0.09,0.23,0.21,0.23,0.21,0.27,0.29,0.26,0.26,0.12,0.12,0.14,0.61,0.64,0.63,0.67,0.75,0.79,0.88,0.97,1.09,1.24,1.31,1.36,1.46,1.6,1.75,1.78
Namibia,,0.19,0.12,0.11,0.17,0.17,0.18,0.19,0.19,0.2,0.21,0.21,0.22,0.22,0.22,0.23,0.23,0.24,0.25,0.25,0.26,0.26,0.27,0.27,0.27,0.27,0.26,0.25,0.25,0.24,0.23,0.24,0.19,0.2,0.3,0.1,0.19,2.3,1.59,4.24,2.65,2.29,1.99,2.29,1.89,1.97,1.87,1.9,1.01,1.35,1.33,1.5,3.52,3.71,3.98,4.17,4.33,4.45,4.3
Nepal,,0.0,0.0,0.0,0.0,0.0,0.0,0.0,0.0,0.0,0.0,0.0,0.0,0.0,0.0,0.0,0.0,0.0,0.0,0.01,0.01,0.01,0.01,0.01,0.02,0.01,0.01,0.02,0.02,0.03,0.03,0.05,0.05,0.06,0.06,0.07,0.07,0.08,0.08,0.09,0.08,0.09,0.19,0.2,0.23,0.22,0.19,0.2,0.2,0.22,0.23,0.24,0.25,0.27,0.28,0.28,0.29,0.32,0.32
Netherlands,,3.97,4.29,4.63,4.97,5.74,5.24,5.98,6.22,6.9,7.54,8.09,8.76,9.77,10.34,11.41,10.53,11.07,11.25,11.65,11.33,11.25,11.04,11.22,10.76,10.55,10.62,10.2,10.17,10.03,9.91,10.03,10.03,9.67,9.68,9.8,9.8,10.05,9.93,10.06,10.13,9.82,9.72,9.48,9.57,9.5,9.58,9.45,9.51,9.12,9.07,9.0,9.06,8.58,8.39,8.3,8.3,8.34,8.34
New Zealand,,8.7,8.89,9.62,9.84,10.08,10.42,10.54,10.39,10.61,11.18,11.75,12.05,12.81,12.98,13.23,13.2,13.25,13.79,13.13,13.32,12.98,12.67,11.99,12.08,11.96,12.22,12.27,11.28,11.52,11.31,11.19,10.52,10.43,10.33,10.15,9.94,8.29,8.13,8.3,8.83,8.69,9.09,8.92,9.17,9.32,9.36,9.2,9.48,9.24,9.62,9.45,9.17,9.12,8.98,8.68,9.02,9.06,9.12
Nicaragua,,4.12,4.18,4.06,4.17,3.98,4.08,4.15,4.23,4.09,4.11,4.09,3.96,4.04,3.84,3.57,3.48,3.29,2.78,2.6,3.02,3.52,3.03,3.2,3.1,3.35,3.48,3.45,2.6,2.49,2.74,2.95,2.81,2.75,2.56,2.45,2.22,2.42,2.79,2.81,3.58,3.48,3.46,3.72,3.75,3.65,3.64,3.77,3.59,3.32,3.35,3.36,3.61,3.56,3.55,3.73,3.81,3.89,3.81
Niger,,0.13,0.15,0.17,0.14,0.12,0.09,0.14,0.12,0.13,0.11,0.12,0.13,0.15,0.14,0.13,0.11,0.15,0.29,0.22,0.25,0.25,0.31,0.21,0.21,0.14,0.17,0.15,0.13,0.11,0.1,0.09,0.07,0.08,0.01,0.08,0.06,0.07,0.09,0.08,0.09,0.09,0.09,0.1,0.1,0.1,0.1,0.1,0.11,0.1,0.11,0.13,0.16,0.1,0.13,0.13,0.13,0.13,0.13
Nigeria,,4.29,4.4,4.37,4.4,4.34,4.22,4.24,4.25,4.25,4.96,5.01,5.08,6.23,6.77,7.04,7.47,7.89,7.75,8.18,8.22,8.31,8.51,7.46,7.35,7.27,7.26,7.32,6.76,6.74,9.21,9.37,9.17,8.97,8.91,8.77,9.35,9.88,10.31,10.34,11.47,11.17,11.09,11.33,11.33,11.24,11.18,11.04,10.79,10.58,10.4,10.22,9.98,9.71,8.05,7.83,7.82,7.79,7.79
Norway,,3.74,3.64,3.74,3.7,3.84,3.96,4.15,4.39,4.58,4.84,5.07,5.3,5.4,5.74,5.87,5.84,5.93,5.41,5.83,5.98,5.32,4.83,4.85,4.98,5.22,5.27,5.38,5.26,5.08,4.99,4.9,4.67,4.55,4.74,4.79,5.04,5.28,5.24,5.45,5.67,5.49,5.89,6.04,6.22,6.37,6.47,6.6,6.75,6.68,6.59,6.44,6.21,6.21,6.06,5.97,6.03,6.0,6.02
Oman,,0.0,0.0,0.0,0.0,0.0,0.0,0.0,0.0,0.0,0.0,0.0,0.0,0.0,0.0,0.34,0.35,0.31,0.41,0.45,0.29,0.27,0.23,0.16,0.14,0.12,0.14,1.17,1.08,1.03,0.25,0.31,0.3,0.3,0.29,0.27,0.3,0.3,0.27,0.21,0.38,0.54,0.53,0.55,0.59,0.6,0.54,0.52,0.51,0.5,0.51,0.5,0.49,0.45,0.43,0.42,0.4,0.4,0.4
Pakistan,,0.01,0.01,0.01,0.02,0.02,0.02,0.01,0.01,0.01,0.02,0.01,0.01,0.01,0.01,0.01,0.01,0.01,0.01,0.01,0.01,0.02,0.02,0.02,0.02,0.02,0.02,0.02,0.02,0.02,0.02,0.02,0.03,0.03,0.03,0.03,0.03,0.03,0.03,0.02,0.01,0.01,0.01,0.01,0.01,0.04,0.03,0.03,0.04,0.04,0.04,0.04,0.03,0.05,0.04,0.04,0.05,0.05,0.05
Panama,,3.42,3.84,3.16,3.32,3.67,3.75,3.89,3.89,4.39,4.44,4.62,3.7,4.34,4.55,4.72,4.68,4.17,4.59,4.88,4.98,5.06,5.09,4.74,4.99,4.87,5.08,5.06,4.24,4.61,5.72,5.77,5.5,5.22,5.46,5.55,5.67,5.9,6.28,6.23,5.08,4.9,4.94,4.92,4.97,4.9,5.07,5.46,6.0,6.14,6.16,6.22,6.25,6.26,6.34,6.92,6.7,6.89,6.92
Papua New Guinea,,0.29,0.3,0.37,0.5,0.52,0.56,0.66,0.7,0.77,0.99,1.25,1.17,1.13,1.21,1.41,1.33,1.56,1.61,1.54,1.61,1.43,1.51,1.29,1.25,1.31,1.23,1.29,1.26,1.12,1.11,1.11,1.11,1.1,1.08,1.01,0.63,0.88,0.89,0.87,0.67,0.65,0.58,0.56,0.55,0.8,0.61,0.67,0.77,0.78,0.75,0.84,0.97,0.82,0.76,0.75,0.8,0.8,0.8
Paraguay,,3.65,4.0,3.4,3.35,3.9,4.03,4.07,3.62,4.38,4.48,4.06,4.07,4.46,5.48,5.97,4.84,5.84,6.84,7.32,7.0,6.29,6.8,6.51,7.03,6.85,7.48,7.35,6.83,6.51,7.55,9.11,9.12,9.85,9.99,11.55,11.05,10.49,9.61,8.29,5.64,5.49,4.81,4.49,5.17,5.51,5.92,6.03,6.89,6.06,6.29,6.15,5.81,5.64,5.86,5.62,5.85,6.0,6.02
Peru,,6.95,6.76,5.59,5.97,6.8,7.06,5.93,6.46,6.14,6.14,6.52,6.19,6.54,6.49,6.58,6.8,6.53,5.89,6.04,6.01,5.93,5.78,6.07,5.73,5.1,5.95,6.69,5.54,4.99,5.04,5.26,5.62,5.03,5.28,5.23,4.72,4.62,4.32,4.05,4.76,4.09,3.93,4.59,4.54,4.65,4.48,4.51,4.95,5.04,5.13,5.09,5.21,5.12,5.26,5.3,5.31,5.3,5.3
Philippines,,0.7,0.89,1.32,1.48,1.65,1.76,2.12,2.42,2.19,2.19,2.21,2.27,2.28,2.63,2.67,2.96,3.15,3.34,3.38,3.09,3.26,3.57,4.41,4.3,4.58,4.11,4.42,3.85,3.78,4.16,4.03,4.08,3.82,3.67,3.87,3.85,3.83,3.82,3.8,4.72,4.53,4.39,4.42,4.42,4.19,4.05,4.14,4.15,4.34,4.74,4.86,4.98,4.63,4.62,4.52,4.53,4.75,4.83
Poland,,6.27,6.06,6.22,6.16,6.29,6.57,6.94,7.41,7.64,7.62,8.03,8.7,8.67,9.01,8.62,9.45,10.47,10.99,10.62,10.66,11.21,8.54,8.25,8.31,8.5,9.18,9.41,9.52,9.33,8.16,8.63,8.27,8.39,8.31,8.01,7.91,8.51,8.32,8.22,8.4,7.74,8.02,9.06,9.19,9.07,9.74,10.39,10.8,10.17,10.07,10.24,10.21,10.8,10.45,10.47,10.43,10.53,10.62
Portugal,,15.02,15.17,18.49,19.37,19.53,16.9,17.03,18.32,13.99,19.89,15.95,16.18,19.06,18.34,19.55,16.87,13.74,14.02,14.19,14.91,15.38,16.99,15.88,16.37,13.93,13.49,12.35,12.92,14.64,15.21,14.78,14.36,14.17,14.05,13.59,12.84,12.58,12.48,13.18,12.77,12.63,12.5,12.22,12.26,11.97,11.81,11.54,11.47,11.5,11.26,10.86,9.76,9.52,10.2,10.34,10.37,10.37,10.37
Qatar,,0.0,0.0,0.0,0.0,0.0,0.0,0.0,0.0,0.0,0.0,0.0,0.81,1.14,1.39,1.39,1.9,2.87,2.41,1.71,1.64,4.06,4.05,3.06,2.23,2.06,2.11,1.42,1.42,1.45,1.13,1.03,1.07,0.8,0.86,0.92,0.9,0.9,0.56,0.48,0.55,0.75,0.83,0.92,1.0,1.08,1.13,1.16,1.15,1.09,1.11,1.1,1.07,1.07,1.05,1.07,1.04,1.04,1.02
Republic of Korea,,5.99,7.04,5.94,5.21,6.03,7.63,8.89,8.44,9.37,11.25,14.43,15.17,16.83,16.58,15.17,16.01,16.73,14.3,14.4,14.77,14.22,13.7,10.71,10.67,10.18,10.25,10.18,10.13,9.61,8.37,8.24,8.13,7.82,8.14,7.94,8.77,8.69,8.65,9.16,10.33,11.45,9.55,9.66,9.18,9.03,8.83,9.05,9.31,8.97,8.9,8.86,8.98,8.77,8.94,9.09,8.69,8.65,8.65
Romania,,5.7,6.92,7.01,7.03,7.18,7.27,7.12,7.66,8.0,8.55,8.82,8.97,10.21,10.34,9.68,9.44,9.61,10.47,11.41,10.91,10.48,10.28,10.21,10.14,10.09,10.31,10.29,10.4,8.67,8.92,8.91,8.81,9.01,7.84,8.2,8.05,8.74,7.28,7.66,9.0,12.07,13.15,11.55,11.77,9.63,9.89,11.06,12.38,11.01,10.01,9.58,9.66,9.65,9.48,9.45,9.57,10.14,10.14
Russian Federation,,,,6.19,6.39,6.71,6.95,7.45,7.83,8.45,8.63,8.5,8.16,8.05,7.54,7.68,7.68,7.67,7.77,7.72,7.91,7.66,7.68,8.46,8.98,7.61,5.29,4.59,5.19,5.35,7.37,8.05,7.07,8.36,8.66,11.22,9.21,9.25,9.87,10.7,10.21,10.47,10.87,11.32,11.5,11.59,11.83,12.24,12.09,11.25,10.95,10.92,10.86,10.17,9.25,8.36,8.2,7.24,7.69
Rwanda,,5.68,7.79,5.48,6.01,6.36,6.23,7.51,7.54,7.27,7.31,7.32,7.13,7.26,6.7,6.79,7.14,7.26,7.35,7.24,7.33,8.05,7.96,7.74,7.09,7.51,6.87,6.49,6.44,7.55,10.21,12.07,14.06,10.16,7.86,9.8,9.86,9.36,9.97,9.6,8.71,9.27,9.16,8.65,7.83,9.25,8.79,7.84,7.51,7.3,7.65,7.27,7.08,6.86,7.12,7.05,7.09,6.99,6.99
Saint Kitts and Nevis,,3.38,3.51,3.76,4.15,4.02,4.09,4.32,3.76,3.95,4.67,4.44,4.27,4.24,2.98,3.4,3.12,3.23,3.41,3.6,4.44,4.44,4.66,3.89,3.97,3.51,3.98,3.17,4.26,4.65,5.03,4.16,4.03,4.62,4.37,6.32,5.86,5.61,6.25,6.55,8.82,9.28,8.95,9.27,9.87,11.1,11.81,10.97,10.53,9.92,8.45,8.44,8.36,8.32,8.42,8.3,8.48,8.44,8.44
Saint Lucia,,7.97,8.55,8.39,9.26,9.05,8.16,7.68,8.28,8.82,9.46,10.84,10.0,10.13,8.45,8.61,8.88,9.78,11.0,11.19,8.35,9.91,8.79,8.52,9.07,8.9,9.66,10.03,12.27,11.62,11.72,12.18,12.85,13.21,11.34,11.8,10.85,10.49,10.85,11.91,12.8,12.92,13.15,13.78,12.58,12.87,13.02,12.59,12.05,11.06,10.59,10.36,9.91,9.47,9.61,9.73,10.18,10.35,10.43
Samoa,,0.61,0.34,0.36,0.48,0.8,0.73,0.88,0.53,0.72,0.82,1.01,1.07,1.34,1.52,1.26,2.45,2.14,1.69,1.7,0.89,0.6,1.19,2.05,1.7,1.74,1.63,3.14,2.63,2.63,2.27,2.19,2.0,3.4,2.8,2.38,3.21,1.41,1.74,1.78,3.0,3.42,3.29,4.16,3.62,3.63,3.52,3.85,3.97,2.88,3.0,2.15,2.19,1.9,2.0,1.97,2.18,1.97,1.97
Sao Tome and Principe,,6.31,6.48,8.61,7.14,7.84,7.71,7.77,9.42,9.67,8.22,7.69,7.32,5.0,6.02,4.97,4.83,2.61,1.52,3.68,1.4,1.34,0.69,0.5,0.94,0.76,0.65,1.9,1.74,2.58,2.8,3.71,2.8,5.3,4.37,4.57,5.35,4.89,6.47,5.73,5.07,5.1,5.93,6.7,5.92,5.5,5.68,4.32,4.56,4.34,5.86,5.96,4.89,4.73,5.34,4.8,5.05,3.88,3.88
Saudi Arabia,,0.0,0.0,0.0,0.0,0.0,0.0,0.0,0.0,0.0,0.0,0.0,0.01,0.0,0.0,0.0,0.0,0.1,0.22,0.23,0.23,0.2,0.33,0.32,0.4,0.27,0.2,0.22,0.21,0.15,0.16,0.21,0.06,0.03,0.05,0.06,0.06,0.06,0.07,0.01,0.05,0.05,0.06,0.06,0.06,0.05,0.08,0.09,0.08,0.09,0.09,0.09,0.09,0.09,0.08,0.08,0.08,0.07,0.07
Senegal,,1.22,1.07,1.22,0.97,0.78,0.67,0.67,0.6,0.59,0.57,0.6,0.69,0.59,0.57,0.82,0.92,0.99,0.83,0.84,0.67,0.61,0.61,0.67,0.58,0.45,0.44,0.46,0.56,0.61,0.57,0.42,0.39,0.36,0.39,0.37,0.38,0.34,0.38,0.41,0.24,0.24,0.22,0.19,0.36,0.34,0.37,0.34,0.36,0.31,0.28,0.31,0.27,0.25,0.25,0.24,0.3,0.3,0.27
Seychelles,,1.13,1.19,1.31,1.81,1.82,2.05,2.41,2.38,3.06,3.75,3.89,3.84,3.73,3.71,3.52,3.54,3.59,3.65,3.56,3.63,3.39,3.27,3.3,3.12,3.19,3.21,3.28,3.26,3.3,3.97,4.2,4.47,4.74,4.53,4.79,4.57,4.56,4.77,4.75,8.33,6.84,8.13,7.35,6.56,6.6,6.43,7.25,6.68,5.2,11.13,13.56,14.72,15.64,16.13,17.6,20.18,20.24,20.05
Sierra Leone,,5.61,5.61,5.57,5.58,5.55,5.57,5.63,5.65,5.72,5.69,5.52,4.78,4.22,4.25,4.59,4.61,4.69,4.55,4.36,4.53,4.4,4.52,4.83,4.57,4.79,4.61,4.52,4.38,4.38,4.26,4.21,4.18,4.17,4.17,4.15,6.72,6.68,6.8,6.88,3.75,3.98,3.9,3.87,3.81,3.65,3.68,3.67,3.83,3.98,3.74,3.75,3.49,3.17,3.39,3.41,3.49,3.43,3.43
Singapore,,2.19,1.97,2.21,1.87,2.14,2.11,2.25,2.41,2.33,2.68,2.9,2.49,2.86,2.38,2.4,2.66,2.57,2.37,2.14,2.49,2.33,2.29,2.35,2.32,1.79,1.63,1.74,1.75,1.61,1.61,1.7,1.79,1.76,1.88,2.01,1.99,2.1,2.09,2.08,2.02,2.08,2.16,1.43,1.44,1.49,1.55,1.59,1.69,1.73,1.84,1.89,1.94,1.86,1.84,1.82,1.84,1.8,1.85
Slovakia,,9.28,9.44,9.35,10.21,11.03,11.18,10.81,11.16,12.05,12.71,14.25,13.64,13.68,13.51,14.7,13.66,14.85,13.59,13.57,14.93,15.02,15.2,14.85,14.33,13.82,13.3,13.24,12.77,12.7,,13.24,12.63,12.04,13.02,12.55,12.86,13.09,12.13,12.13,11.33,11.12,11.16,10.23,10.52,11.06,10.89,10.96,11.87,11.13,10.51,10.74,10.62,10.49,10.62,10.74,9.92,10.16,10.16
Solomon Islands,,0.37,0.38,0.45,0.42,0.42,0.43,0.43,0.44,0.49,0.53,0.57,0.7,0.57,0.66,0.65,0.69,0.72,0.74,0.96,0.85,0.87,0.78,0.92,1.1,1.13,0.9,0.69,0.71,0.58,0.66,0.64,0.91,0.36,0.36,0.3,0.35,0.42,0.24,0.21,0.71,0.7,1.09,1.2,1.21,1.13,1.01,0.82,1.07,1.2,1.09,1.05,1.0,0.97,0.94,0.98,1.28,1.25,1.25
Somalia,,0.06,0.05,0.03,0.05,0.06,0.05,0.03,0.05,0.06,0.04,0.03,0.03,0.02,0.02,0.0,0.02,0.02,0.01,0.02,0.02,0.02,0.01,0.01,0.01,0.01,0.01,0.01,0.0,0.0,0.01,0.0,0.0,0.01,0.0,0.0,0.0,0.0,0.0,0.0,0.0,0.0,0.0,0.0,0.0,0.0,0.0,0.0,0.0,0.0,0.0,0.0,0.0,0.01,0.01,0.0,0.0,0.0,0.0
South Africa,,7.41,8.13,5.35,5.87,6.37,6.59,6.73,6.91,7.16,7.36,7.31,7.52,8.17,8.65,8.37,7.87,7.46,7.51,8.18,8.6,8.78,8.57,8.47,8.77,8.4,8.85,8.97,9.22,9.21,9.23,9.02,9.13,8.82,9.22,8.96,10.76,10.77,10.6,10.81,7.7,7.56,7.47,7.32,7.2,7.17,7.3,7.5,7.46,7.25,7.25,7.31,7.37,7.35,7.39,7.33,7.3,7.34,7.26
Spain,,,14.64,13.56,13.88,14.59,16.03,14.54,14.91,15.22,15.25,15.11,16.33,17.98,18.38,18.53,17.93,17.07,18.28,17.71,17.69,16.84,16.23,16.18,14.49,14.47,14.37,14.41,13.52,13.28,12.98,12.88,12.19,11.67,11.36,11.09,10.86,11.69,11.58,11.33,11.61,12.01,10.41,11.04,11.32,11.92,11.86,11.05,10.24,9.99,8.79,8.58,8.44,8.39,7.67,10.35,10.8,10.84,10.43
Sri Lanka,,0.34,0.34,0.34,0.34,0.3,0.21,0.22,0.26,0.26,0.26,0.18,0.24,0.18,0.14,0.22,0.23,0.26,0.49,0.42,0.3,0.38,0.32,0.23,0.28,0.26,0.2,0.18,0.17,0.14,1.25,1.48,1.6,1.49,1.64,1.91,1.36,1.53,1.5,1.53,1.45,1.68,1.62,1.69,1.56,1.97,1.96,2.29,2.1,2.05,2.31,3.03,2.89,2.65,2.45,2.72,2.65,2.58,2.58
Sudan,,1.29,1.68,1.47,1.54,1.22,1.19,1.3,1.55,1.61,1.56,1.57,1.55,1.6,1.66,1.55,2.32,1.55,1.72,1.55,1.53,1.57,0.19,0.24,0.26,0.25,0.25,0.25,0.19,0.15,1.95,1.92,1.91,2.07,1.98,2.01,2.0,2.0,1.89,1.93,,,,,,,,,,,,0.46,0.0,0.06,0.03,0.02,0.01,0.01,0.01
Suriname,,6.14,6.18,6.2,5.98,5.87,5.61,5.68,5.79,6.54,6.81,5.88,6.37,7.02,6.88,6.93,6.89,7.54,8.14,7.99,9.3,8.21,8.36,7.22,6.97,6.24,5.25,3.48,4.11,3.67,4.27,4.38,4.78,4.55,5.21,4.99,4.75,7.21,7.12,6.14,4.46,4.41,4.58,4.7,4.66,4.52,4.57,4.69,4.82,4.93,5.26,5.62,5.74,5.88,5.41,4.76,4.41,4.45,4.47
Sweden,,6.04,6.1,6.03,6.36,6.56,6.75,6.96,7.22,7.75,7.86,7.77,8.05,7.94,8.46,8.69,8.78,8.41,8.06,8.08,7.65,7.14,7.29,6.96,6.82,6.9,7.21,7.07,7.31,7.47,7.41,7.47,7.5,7.51,7.71,7.33,6.9,7.11,6.8,6.88,6.2,6.5,6.88,6.88,6.51,6.53,6.81,6.98,7.02,7.31,7.38,7.31,7.23,7.32,7.2,7.13,7.15,7.04,7.2
Switzerland,,,,,,,14.22,14.19,14.23,14.65,14.79,14.77,15.02,15.63,15.24,14.28,13.96,14.04,14.16,14.06,14.25,14.58,14.71,14.41,14.33,14.37,14.07,14.02,14.03,13.86,12.99,12.9,12.33,12.33,11.79,11.45,11.33,11.21,11.07,11.05,11.26,11.12,10.85,10.82,10.54,10.15,10.24,10.44,10.29,10.15,10.01,9.99,9.87,9.74,9.62,9.62,9.51,9.51,9.51
Syrian Arab Republic,,0.14,0.15,0.15,0.15,0.14,0.13,0.12,0.59,0.79,0.52,0.61,0.55,0.47,0.91,0.91,1.19,1.04,0.93,0.99,0.93,0.82,0.96,0.79,0.85,1.01,1.03,0.77,0.84,0.55,0.59,0.76,0.91,0.76,0.77,0.66,0.82,0.76,0.93,0.52,0.93,0.95,0.9,0.86,0.61,0.79,0.75,0.74,0.75,0.76,0.77,0.61,0.22,0.15,0.2,0.24,0.18,0.12,0.16
Thailand,,0.26,0.46,0.82,0.93,1.21,1.62,1.65,1.7,1.84,1.91,2.03,1.87,1.79,2.27,2.3,2.91,4.2,4.39,4.77,5.51,5.47,5.26,6.05,6.04,2.46,2.46,2.6,3.45,4.0,5.02,5.14,5.0,5.07,5.07,5.75,6.1,5.9,5.88,5.16,5.81,5.84,5.86,6.07,6.1,6.19,6.1,6.12,7.54,6.74,6.7,7.14,7.09,6.79,6.9,6.57,6.57,6.57,6.57
Timor-Leste,,0.18,0.15,0.3,0.17,0.23,0.31,0.44,0.43,0.51,0.39,0.49,0.27,0.32,0.4,0.12,,,,,,,,,,,,,,,0.37,0.38,0.37,0.38,0.39,0.4,0.41,0.44,0.49,0.5,0.5,0.5,0.48,0.44,0.39,0.35,0.04,0.05,0.06,0.09,0.1,0.46,0.49,0.48,0.52,0.49,0.49,0.48,0.48
Togo,,4.62,4.58,4.13,5.92,5.41,6.12,6.82,5.85,4.92,4.84,4.92,5.54,6.45,6.24,4.93,5.16,6.22,3.77,3.79,4.42,5.4,6.79,3.61,2.61,2.84,2.8,2.65,2.54,2.22,1.91,1.58,1.34,1.27,1.3,1.59,1.35,1.4,1.26,0.97,1.08,0.88,0.86,0.89,1.61,1.84,2.01,1.52,1.44,1.16,1.26,1.14,1.15,1.2,1.24,1.33,1.26,1.33,1.31
Trinidad and Tobago,,2.83,3.46,3.86,3.57,4.98,3.8,2.96,2.83,3.59,3.95,3.92,3.98,4.61,4.89,5.07,5.12,5.66,5.39,5.91,6.82,5.85,5.57,5.4,5.89,4.94,5.21,4.35,3.53,4.67,5.97,6.24,5.65,5.18,5.52,4.27,2.4,3.31,3.59,3.81,4.81,4.7,5.25,5.44,5.52,5.75,6.05,6.03,5.99,5.93,5.92,5.93,6.05,6.03,6.13,6.14,5.91,5.82,5.91
Tunisia,,1.7,1.9,1.06,1.41,1.76,2.12,2.11,1.06,1.23,1.05,1.23,1.23,1.23,1.23,1.22,1.22,1.4,1.22,1.05,1.05,1.04,1.03,1.19,1.16,1.16,1.15,0.98,0.97,0.96,0.95,0.79,0.78,0.94,1.05,1.06,1.05,1.06,1.06,1.14,1.2,1.18,1.15,1.19,1.22,1.25,1.32,1.17,1.28,1.36,1.26,1.26,1.35,1.39,1.48,1.49,1.53,1.56,1.6
Turkey,,0.75,0.81,0.31,0.33,0.35,0.35,0.33,0.35,0.35,0.39,0.55,0.41,0.69,0.59,0.77,0.77,0.85,0.91,0.81,1.15,1.54,1.26,1.26,1.0,0.98,0.85,0.89,0.71,0.72,1.02,1.21,1.31,1.4,1.45,1.49,1.38,1.64,1.54,1.46,1.66,1.6,1.59,1.53,1.48,1.39,1.39,1.37,1.51,1.52,1.56,1.59,1.6,1.46,1.5,1.43,1.38,1.38,1.43
Uganda,,9.8,9.74,10.08,10.04,8.15,8.53,9.58,9.95,10.09,12.43,12.86,11.95,12.96,12.97,12.25,12.2,11.75,11.31,9.04,8.02,7.61,8.14,7.52,7.84,7.02,7.47,7.52,7.77,7.8,8.03,8.02,7.73,7.78,7.96,8.29,7.84,7.72,7.98,7.6,11.68,11.8,11.64,11.37,11.06,11.3,10.97,10.77,11.37,11.1,11.5,11.71,8.39,7.72,12.52,12.13,12.1,12.19,12.2
Ukraine,,,,,,,,,,,,,,,,7.48,,,,,7.67,7.48,6.96,6.99,7.08,6.62,4.39,4.01,4.43,5.32,5.67,5.86,5.54,5.47,4.21,3.72,3.26,3.98,3.74,3.93,6.95,7.31,7.13,6.81,6.51,6.82,7.42,8.12,9.41,8.97,7.77,8.75,8.55,8.74,7.6,6.06,5.74,5.15,5.15
United Arab Emirates,,,,,,,,,,,,,9.36,9.27,11.57,9.94,9.17,9.98,12.47,13.82,13.77,13.77,13.8,12.35,12.43,8.35,6.74,5.37,4.86,4.43,4.05,3.92,3.95,3.68,3.53,3.32,2.68,2.9,2.54,2.83,1.66,1.62,1.6,1.57,1.59,2.68,2.46,2.28,1.86,1.76,1.75,1.81,1.83,1.9,2.02,2.14,2.17,2.16,2.12
United Kingdom of Great Britain and Northern Ireland,,7.14,7.09,7.18,7.53,7.4,7.56,7.68,7.91,8.11,8.46,8.83,9.14,10.04,10.39,10.4,10.81,10.28,10.89,11.24,10.71,10.27,9.91,10.1,10.16,10.24,10.26,9.53,9.94,9.99,9.96,10.01,9.65,9.45,9.41,9.7,9.75,9.97,10.14,10.16,10.82,11.31,11.33,11.28,11.58,11.38,10.93,11.06,10.66,9.98,10.01,9.8,9.53,9.42,9.45,9.59,9.69,9.88,10.01
United Republic of Tanzania,,5.68,5.39,5.5,4.3,4.46,4.95,4.04,4.23,4.25,4.91,3.97,4.17,3.97,4.04,5.24,6.15,6.74,8.44,10.07,8.06,6.78,8.6,7.01,6.56,8.25,7.29,6.89,4.81,5.89,4.98,5.71,5.77,5.57,5.65,5.53,4.61,5.25,5.67,5.02,5.96,6.25,5.14,3.45,5.69,5.74,6.09,6.89,4.96,6.26,6.59,6.71,5.84,6.3,6.98,7.39,7.41,7.31,7.31
United States of America,7.83,7.8,7.99,8.14,8.44,8.59,8.78,8.97,9.27,9.5,9.54,9.77,9.69,9.88,10.11,10.18,10.18,9.99,10.26,10.41,10.45,10.45,10.3,10.18,10.18,9.88,9.73,9.61,9.39,9.16,9.24,8.71,8.71,8.4,8.25,8.14,8.18,8.1,8.1,8.21,8.21,8.25,8.33,8.4,8.48,8.55,8.63,8.74,8.74,8.67,8.56,8.66,8.85,8.81,8.78,8.78,8.86,8.82,8.82
Uruguay,,9.06,7.68,7.19,6.88,7.31,6.86,5.79,6.22,6.36,6.34,6.77,6.61,6.73,6.87,6.85,5.96,6.23,6.07,5.76,8.76,8.93,8.45,7.92,7.67,7.24,7.23,7.64,7.6,7.44,7.56,7.27,7.24,7.49,7.9,8.15,7.96,7.82,7.81,7.94,7.11,6.9,6.08,5.4,5.88,6.26,6.45,6.51,6.54,6.45,5.99,6.02,6.55,6.42,6.14,6.0,5.53,5.75,6.2
Vanuatu,,4.02,4.67,4.83,3.64,4.23,4.17,5.11,4.74,3.88,3.18,3.12,2.92,3.49,3.51,1.74,2.46,2.52,2.63,2.93,2.55,2.2,2.1,2.2,2.26,2.16,1.74,1.44,1.67,1.76,1.53,1.58,1.46,1.39,1.72,1.47,1.23,1.43,1.34,1.15,0.82,0.76,0.9,0.88,0.85,0.89,1.0,1.01,1.17,0.83,1.18,1.65,1.79,1.59,1.48,1.47,1.58,1.57,1.57
Venezuela (Bolivarian Republic of),,4.93,4.92,4.93,5.38,5.76,5.96,5.96,6.09,5.9,6.59,5.89,6.0,5.61,6.1,6.88,8.54,9.25,9.49,9.71,10.2,9.67,8.98,8.72,9.01,7.95,8.34,9.16,9.72,7.88,8.85,9.29,9.47,9.25,8.41,8.24,8.41,7.85,7.77,7.3,8.09,8.15,6.99,6.39,7.58,7.98,8.37,8.89,8.41,7.75,7.35,6.82,6.77,6.8,6.52,6.12,3.99,3.13,2.84
Viet Nam,,0.67,0.71,0.73,0.76,0.81,0.8,0.86,0.82,0.85,0.85,0.82,0.81,0.77,0.71,0.66,0.66,0.64,0.64,0.7,0.17,0.17,0.17,0.17,0.17,0.17,0.17,0.16,0.16,0.16,0.16,0.16,0.16,0.16,0.32,0.31,0.63,0.62,0.61,0.6,0.71,0.76,0.82,0.93,1.13,1.19,1.35,1.51,1.78,1.97,2.24,2.44,2.56,2.67,2.76,2.95,3.13,3.23,3.22
Yemen,,0.7,0.69,0.67,0.65,0.62,0.6,0.56,0.53,0.52,0.51,0.51,0.47,0.41,0.3,0.28,0.4,0.34,0.42,0.32,0.33,0.28,0.3,0.19,0.22,0.28,0.22,0.17,0.19,0.2,0.21,0.14,0.22,0.2,0.18,0.17,0.15,0.09,0.11,0.08,0.07,0.08,0.07,0.04,0.06,0.04,0.04,0.05,0.04,0.03,0.05,0.04,0.04,0.04,0.03,0.03,0.03,0.03,0.03
Zambia,,8.46,8.32,8.18,8.12,8.46,8.86,9.08,8.54,8.25,8.09,8.17,9.47,9.95,7.6,6.82,6.66,6.57,6.2,5.16,4.29,3.81,3.35,2.95,2.83,3.11,3.07,3.22,3.49,3.37,2.91,2.77,2.71,3.11,3.13,3.3,3.18,3.01,2.97,3.1,2.82,2.8,2.61,2.39,2.75,2.41,2.73,3.17,2.66,3.05,3.59,3.49,3.51,2.78,4.66,3.85,3.85,3.95,3.95
Zimbabwe,,4.24,5.05,4.63,4.56,4.87,6.05,5.49,6.04,5.08,5.99,6.48,5.95,5.5,6.51,5.91,6.59,4.9,5.25,4.81,5.77,6.22,7.0,7.14,7.27,6.6,7.23,5.03,5.1,4.92,4.5,3.39,2.83,3.54,4.68,4.34,4.22,5.19,4.82,4.63,1.89,1.93,2.39,1.96,2.48,2.17,2.35,2.26,2.82,2.77,3.25,3.8,3.76,4.01,4.06,3.51,3.46,3.46,3.46
