Series Name,Series Code,Country Name,Country Code,1980 [YR1980],1981 [YR1981],1982 [YR1982],1983 [YR1983],1984 [YR1984],1985 [YR1985],1986 [YR1986],1987 [YR1987],1988 [YR1988],1989 [YR1989],1990 [YR1990],1991 [YR1991],1992 [YR1992],1993 [YR1993],1994 [YR1994],1995 [YR1995],1996 [YR1996],1997 [YR1997],1998 [YR1998],1999 [YR1999],2000 [YR2000],2001 [YR2001],2002 [YR2002],2003 [YR2003],2004 [YR2004],2005 [YR2005],2006 [YR2006],2007 [YR2007],2008 [YR2008],2009 [YR2009],2010 [YR2010],2011 [YR2011],2012 [YR2012],2013 [YR2013],2014 [YR2014],2015 [YR2015],2016 [YR2016],2017 [YR2017],2018 [YR2018],2019 [YR2019],2020 [YR2020]
Adjusted net national income per capita (current US$),NY.ADJ.NNTY.PC.CD,Afghanistan,AFG,255.7959409,248.9353126,..,..,..,..,..,..,..,..,..,..,..,..,..,..,..,..,..,..,..,..,..,..,..,..,..,..,..,387.267198,479.1125179,519.4232608,559.8304583,553.5421738,532.280218,504.603289,478.1921136,488.0759861,458.3707378,..,..
Adjusted net national income per capita (current US$),NY.ADJ.NNTY.PC.CD,Albania,ALB,..,..,..,..,474.1918498,471.8565193,561.8630352,527.183991,512.3447283,538.2954468,484.1590553,256.7257645,142.7366785,323.3980633,514.9311745,674.3663142,919.8603017,647.8258291,753.2131094,952.7733658,1040.517279,1191.775152,1305.447511,1688.841971,2145.128514,2400.211264,2680.164659,3128.041944,3720.058947,3407.816825,3407.209071,3666.629818,3455.042482,3673.64152,3774.663967,3234.697305,3415.934604,3672.836794,4201.077084,..,..
Adjusted net national income per capita (current US$),NY.ADJ.NNTY.PC.CD,Algeria,DZA,1446.347633,1602.757914,1648.040875,1766.806571,1918.019441,2015.544275,2260.147292,2263.560508,1947.202301,1760.801176,1868.877003,1357.326851,1426.999478,1436.385524,1184.544361,1123.329647,1194.812822,1245.695523,1289.365478,1224.961311,1284.50041,1324.005301,1332.039788,1540.403765,1884.99846,2059.255101,2286.545182,2760.184081,3434.417211,2923.520131,3401.323437,3959.591386,4054.128739,4040.921514,4105.623425,3283.164557,3272.986989,3248.465856,3098.851733,..,..
Adjusted net national income per capita (current US$),NY.ADJ.NNTY.PC.CD,American Samoa,ASM,..,..,..,..,..,..,..,..,..,..,..,..,..,..,..,..,..,..,..,..,..,..,..,..,..,..,..,..,..,..,..,..,..,..,..,..,..,..,..,..,..
Adjusted net national income per capita (current US$),NY.ADJ.NNTY.PC.CD,Andorra,AND,..,..,..,..,..,..,..,..,..,..,..,..,..,..,..,..,..,..,..,..,..,..,..,..,..,..,..,..,..,..,..,..,..,..,..,..,..,..,..,..,..
Adjusted net national income per capita (current US$),NY.ADJ.NNTY.PC.CD,Angola,AGO,..,..,..,..,..,426.5036819,440.8420933,364.9316022,329.99457,534.9158284,447.5851197,565.0058984,8.406950892,30.29559334,-26.32445367,105.3514138,95.08203447,150.6478827,172.8696509,55.55169733,11.12827859,98.11923834,342.4637533,437.0135285,440.968439,564.1634783,857.1232299,819.674137,367.1488349,735.0052177,1108.073495,1500.174725,1773.970533,2043.224671,2397.761383,2078.300917,1694.117828,1756.098041,1028.564719,..,..
Adjusted net national income per capita (current US$),NY.ADJ.NNTY.PC.CD,Antigua and Barbuda,ATG,..,..,..,..,..,..,..,..,..,..,..,..,..,..,..,..,..,..,..,..,..,..,..,..,..,..,..,..,..,..,..,..,..,..,..,..,..,..,..,..,..
Adjusted net national income per capita (current US$),NY.ADJ.NNTY.PC.CD,Argentina,ARG,2451.05945,2440.064891,2518.293822,3075.144764,2300.833988,2531.829964,3225.154035,3151.338876,3538.367938,1958.127847,3757.967903,5123.467905,6181.538277,6328.548309,6746.237057,6572.913815,6859.587277,7259.554214,7304.575066,6734.478942,6606.315206,6159.209567,2047.207657,2748.637565,3248.674301,3850.909541,4932.310862,6148.001944,7634.127279,6936.958171,8803.454618,10956.76217,11131.98044,11123.52746,10433.99318,11821.44997,10892.49927,12344.28413,9631.763691,..,..
Adjusted net national income per capita (current US$),NY.ADJ.NNTY.PC.CD,Armenia,ARM,..,..,..,..,..,..,..,..,..,..,..,..,..,..,..,403.0149285,441.1202137,470.3351715,535.8873847,522.6850036,541.8023411,606.1814508,680.5813428,815.0482417,1061.816754,1475.542759,1960.050793,2887.407373,3742.989236,2724.03046,2917.897805,3138.868524,3278.37915,3509.29072,3581.153371,3175.966901,3084.895327,3400.464274,3533.883531,..,..
Adjusted net national income per capita (current US$),NY.ADJ.NNTY.PC.CD,Aruba,ABW,..,..,..,..,..,..,5772.321848,6924.557626,8559.981435,10108.8346,10975.47534,12046.33341,12516.5662,13217.39503,14376.01767,14473.86159,14558.79692,15634.62542,16895.19608,16912.13995,18248.93639,17924.2653,16895.47684,18138.61076,19499.83139,16212.33116,20578.95344,19435.82538,23244.15421,21303.9638,19759.03205,19981.54334,21057.67212,21905.65081,22913.27122,23917.79671,24086.2794,24399.69325,..,..,..
Adjusted net national income per capita (current US$),NY.ADJ.NNTY.PC.CD,Australia,AUS,8207.049499,9727.734446,10271.04222,9377.896513,10068.4595,9122.05304,9056.954372,9252.515248,11447.2706,14142.46404,14129.78624,14614.02964,14439.03096,13921.18061,14378.07392,16043.8765,17314.37324,18604.75083,16982.1765,16353.98061,17053.45338,15432.98904,15966.47072,18701.8125,24129.21392,26330.93655,27633.44259,30910.81851,37434.37457,33071.57992,40009.66904,47825.99289,52858.37555,53239.17306,48104.18296,44138.53671,38730.38596,41849.22499,43345.8711,..,..
Adjusted net national income per capita (current US$),NY.ADJ.NNTY.PC.CD,Austria,AUT,9183.866109,7873.049438,7903.674828,8045.040731,7576.539685,7745.58322,11022.67277,13796.84188,14886.88846,14802.58343,18412.91977,18912.8793,21002.64122,20254.801,21553.26349,25393.73683,25034.70217,22290.41994,22794.27213,22352.30848,20343.65612,20128.50553,21823.04094,26670.99804,30565.74184,31857.48637,33974.79742,39121.08434,43479.99655,39508.73273,38999.70374,42579.37918,39994.17236,41696.65786,42429.83484,35813.10112,37144.08808,38586.6923,42094.99701,..,..
Adjusted net national income per capita (current US$),NY.ADJ.NNTY.PC.CD,Azerbaijan,AZE,..,..,..,..,..,..,..,..,..,..,..,..,..,..,..,..,..,..,449.2788389,406.8699478,361.554368,435.5178299,551.0654449,651.5630829,739.6469408,942.1748399,1356.518229,2043.425851,3145.385075,3310.384229,3836.05157,4641.900336,5146.880472,5696.916953,5987.526544,4423.663424,2996.270251,3168.809157,3298.410735,..,..
Adjusted net national income per capita (current US$),NY.ADJ.NNTY.PC.CD,"Bahamas, The",BHS,5458.048843,5599.237857,6211.503201,6683.326193,7734.409372,8680.70246,9066.775552,9840.716819,10116.5071,11020.35505,11005.39369,10636.23192,10757.37175,10299.98793,10582.46711,13133.87139,14935.10133,20316.16399,21582.33467,24123.37664,24870.78984,25081.77689,26433.54113,25978.06291,26001.56522,27751.33587,27937.18937,28694.86969,28294.06457,26118.50309,25824.37798,25501.23098,27292.03471,26718.33861,26132.90804,26376.41748,26074.65956,25767.16925,24321.49534,..,..
Adjusted net national income per capita (current US$),NY.ADJ.NNTY.PC.CD,Bahrain,BHR,6113.891502,7463.380641,7786.928107,7811.033316,7706.536167,5655.260188,4784.357407,5187.692778,5753.598839,5847.926902,7420.532245,8119.715903,7827.392626,7946.12398,8282.789913,8868.190282,9094.047368,8861.633668,8526.848474,8567.066607,11424.11194,10620.75502,10666.39214,11830.83157,13316.53652,15434.47971,16650.97482,18344.98356,19725.70484,15286.53765,16636.82643,16790.92077,19925.23206,20612.51663,20609.79193,19047.89775,19365.26055,20219.73825,20094.28437,..,..
Adjusted net national income per capita (current US$),NY.ADJ.NNTY.PC.CD,Bangladesh,BGD,208.4919952,231.140913,205.5569309,193.2266849,202.5359224,230.0389175,219.2771518,239.2440393,254.4416413,268.7195677,287.0176118,275.1208783,276.048448,283.6439681,283.8674855,311.9248418,371.9921571,379.6470466,385.4462226,388.1163736,396.8364319,392.650652,394.4442042,426.3484183,455.9262851,479.1977761,488.8514195,539.881589,622.9445382,690.1348799,769.2428752,844.1624902,870.0763921,965.5534003,1085.051838,1210.473269,1352.694813,1487.303897,1618.959962,..,..
Adjusted net national income per capita (current US$),NY.ADJ.NNTY.PC.CD,Barbados,BRB,..,..,..,..,..,..,5381.046542,5889.885186,6255.968741,6965.286196,6866.452418,6907.502574,6723.958887,7032.57403,7288.53082,7352.825369,7779.57337,8217.484125,9263.540415,9585.364392,9860.089068,9770.415825,9868.596368,10098.17601,10790.03409,11823.18754,12802.05021,14318.32695,14393.51915,13609.10748,13987.6331,13629.92325,13852.8292,14109.50409,14145.33367,14138.20907,14474.62879,14905.72895,15199.61333,..,..
Adjusted net national income per capita (current US$),NY.ADJ.NNTY.PC.CD,Belarus,BLR,..,..,..,..,..,..,..,..,..,..,..,..,1439.901683,1379.473882,1263.276758,1173.287593,1243.95876,1184.211919,1293.939324,1029.427343,1089.143183,1067.110396,1271.679963,1570.328051,2042.288001,2683.553547,3291.864296,4021.9924,5406.46116,4522.642884,5034.319209,5403.144495,5739.0854,6477.849974,6822.365925,4826.271678,4066.919526,4685.516512,5153.212101,..,..
Adjusted net national income per capita (current US$),NY.ADJ.NNTY.PC.CD,Belgium,BEL,10887.99675,8915.091462,7803.28696,7386.130933,7122.159595,7405.354311,10349.30599,12944.76274,14095.62734,14176.1553,17695.26291,18093.55853,20054.32213,19265.77861,21128.18011,24609.41601,23720.53694,21434.12634,21836.05056,21652.86969,19805.46824,19527.99258,21086.2631,25824.78713,29722.84301,30803.56381,32307.85511,36933.72274,40253.60144,36728.19538,36309.07335,38241.78423,36970.20525,38775.64928,39500.84333,33795.34984,34526.60176,36529.15715,38859.97107,..,..
Adjusted net national income per capita (current US$),NY.ADJ.NNTY.PC.CD,Belize,BLZ,1283.824093,1235.075964,1085.498874,1109.208915,1196.506419,1139.443626,1238.376285,1470.447658,1636.640345,1834.9955,2019.602652,2129.742956,2427.568443,2568.216463,2612.818979,2733.822469,2738.995958,2711.966609,2723.34448,2727.897216,2665.444378,2644.545582,2754.755276,2786.388266,2825.01328,2907.615094,3007.934177,2942.582819,2940.975075,3097.68822,2973.723384,3146.67867,3262.727129,3385.283668,3495.065105,3787.661081,3787.95229,3703.768435,3612.149562,..,..
Adjusted net national income per capita (current US$),NY.ADJ.NNTY.PC.CD,Benin,BEN,352.8062295,316.5450963,296.5944971,244.8403286,222.5089257,217.9873488,274.1158462,308.8182513,313.3485371,275.2964864,348.9442686,343.0000146,270.9390454,355.6070072,233.0666947,304.6939902,316.7018559,298.2612585,315.5450379,462.4390729,431.5779765,438.1629452,485.6052641,602.8377636,680.1767169,704.1214647,726.8605991,816.951898,949.9785886,911.2698579,869.9128507,950.446475,961.4760212,1051.928628,1081.844638,884.5508915,881.3857651,923.1876142,1007.972679,..,..
Adjusted net national income per capita (current US$),NY.ADJ.NNTY.PC.CD,Bermuda,BMU,..,..,..,..,..,..,..,..,..,..,..,..,..,..,..,..,..,..,..,..,..,..,..,..,..,..,..,..,..,..,..,..,..,..,..,..,..,..,..,..,..
Adjusted net national income per capita (current US$),NY.ADJ.NNTY.PC.CD,Bhutan,BTN,229.445943,236.6119553,218.8273783,233.6072226,263.7125162,266.3318849,301.2822784,389.015702,441.5205236,443.2049102,473.377836,376.3457162,363.4850785,349.4991554,421.3229516,438.3777867,459.0002218,542.4694696,504.14045,530.3902627,648.118832,694.6657268,760.1039669,851.980535,947.156333,1101.535031,1199.26584,1550.225285,1587.696115,1561.072813,1880.50153,2127.054833,2081.529168,2059.466488,2206.717776,2267.83286,2369.881499,2677.093492,2640.837765,..,..
Adjusted net national income per capita (current US$),NY.ADJ.NNTY.PC.CD,Bolivia,BOL,633.7048527,839.1984298,775.0761638,742.7562181,845.2141099,727.1386315,523.7727152,564.172833,583.6267957,581.5087603,591.0428284,657.5117383,688.0269786,685.7553536,705.038259,776.8340301,838.8994353,884.0139535,941.780611,883.68269,857.1493219,820.2733956,777.7223575,759.5986991,783.3189579,808.7634407,924.0198694,1038.190412,1345.242528,1415.498447,1543.198446,1783.396668,1946.602062,2151.594446,2312.067207,2412.019132,2494.196037,2616.658486,2735.045914,..,..
Adjusted net national income per capita (current US$),NY.ADJ.NNTY.PC.CD,Bosnia and Herzegovina,BIH,..,..,..,..,..,..,..,..,..,..,..,..,..,..,250.9220702,394.9255374,658.4981943,883.2570482,1269.692618,1385.495964,1541.999508,1580.418637,1790.510473,2204.327048,2720.074675,2855.931424,3214.1165,3831.191555,4713.478112,4336.354614,4124.341879,4430.361724,4093.110377,4441.659407,4526.93197,4005.352859,4226.052308,4573.647882,5176.748361,..,..
Adjusted net national income per capita (current US$),NY.ADJ.NNTY.PC.CD,Botswana,BWA,958.5695764,1033.454736,933.0447534,977.8877563,948.4796963,829.7815352,1008.305099,1297.174549,1706.857544,1915.598854,2488.427024,2625.868587,2710.168822,2771.39899,2404.428785,2729.968012,2605.737534,2749.588516,2746.101813,2861.211656,2898.734306,2857.680429,2414.224772,3097.482424,3523.952178,4002.010337,3860.702383,4059.603841,3990.267173,3638.657948,4603.549694,5860.431153,5374.329913,5295.804313,5858.652203,5155.893362,5166.098377,5716.927043,5852.257138,..,..
Adjusted net national income per capita (current US$),NY.ADJ.NNTY.PC.CD,Brazil,BRA,1646.274047,1788.478778,1844.162522,1267.023779,1275.869513,1328.088922,1593.359142,1730.287466,1908.332529,2693.953135,2616.393373,3404.125515,2235.384583,2388.346671,2945.166594,4133.210344,4443.584509,4511.52155,4283.989068,2883.797685,3154.522704,2646.125089,2357.838581,2566.031255,3017.371792,3969.224735,4891.541638,6100.648232,7270.874815,7274.15418,9343.418936,10986.50316,10301.75391,10407.0929,10193.57083,7486.550126,7396.633878,8417.924909,7483.434669,..,..
Adjusted net national income per capita (current US$),NY.ADJ.NNTY.PC.CD,British Virgin Islands,VGB,..,..,..,..,..,..,..,..,..,..,..,..,..,..,..,..,..,..,..,..,..,..,..,..,..,..,..,..,..,..,..,..,..,..,..,..,..,..,..,..,..
Adjusted net national income per capita (current US$),NY.ADJ.NNTY.PC.CD,Brunei Darussalam,BRN,..,..,..,..,..,..,..,..,..,9017.904178,9549.878974,10933.07224,12035.72114,11429.46206,11123.06218,12446.177,12942.34412,12969.73122,10336.98199,10913.0124,12515.06624,12120.41595,12957.74043,13937.3503,15788.05414,17815.63536,20767.97269,24082.23706,27620.0762,21484.78673,26446.09448,31823.12269,33576.21363,33632.64999,32026.41023,25944.81846,24166.36301,24625.52693,24019.61004,..,..
Adjusted net national income per capita (current US$),NY.ADJ.NNTY.PC.CD,Bulgaria,BGR,1877.240079,1885.410998,1832.467798,1574.673571,1674.856708,1628.871892,1924.233729,2654.786991,2083.477834,2026.713108,1833.045341,953.3681191,1027.805143,1077.648697,997.3893537,2057.379032,1315.2238,1225.555678,1596.752741,1435.060481,1366.346846,1541.619357,1852.251761,2365.014241,2931.549237,3324.342697,3713.186549,4591.599108,5939.962329,5722.572546,5551.926542,6339.827354,6178.990136,6365.810902,6583.431023,5767.008196,6202.056787,6913.486685,8148.288328,..,..
Adjusted net national income per capita (current US$),NY.ADJ.NNTY.PC.CD,Burkina Faso,BFA,263.9811714,235.6849504,224.7535429,198.8224561,175.9002449,183.6482649,233.4030735,262.9477352,281.6541227,273.238742,314.0500541,309.1472261,211.30823,214.7733539,164.6930572,199.4630747,214.0132941,196.1895259,219.2198483,..,..,..,..,..,..,..,..,..,..,..,..,..,..,..,..,482.6180599,481.7621307,527.7624023,605.1203418,..,..
Adjusted net national income per capita (current US$),NY.ADJ.NNTY.PC.CD,Burundi,BDI,172.2727764,178.8370625,173.3964144,188.9644861,165.5103199,188.8360634,185.3491908,165.1184677,152.5110189,152.7934909,147.3076871,151.5525038,134.7106497,114.0707024,106.0517228,101.1592786,79.54502801,95.75832092,83.6130082,88.54529946,97.35955595,86.94579444,72.94940315,48.32623658,65.96644652,85.09389273,102.4003637,91.8018775,104.9935376,117.3496144,146.8309518,153.8649096,175.3578145,180.3641925,191.4151742,216.1011272,196.7377741,207.3032837,205.6004814,..,..
Adjusted net national income per capita (current US$),NY.ADJ.NNTY.PC.CD,Cabo Verde,CPV,408.6624184,410.3116358,389.534695,369.5694406,346.6897518,357.3509097,503.0450603,619.0831442,683.8026141,689.7974023,758.6613954,769.4494909,841.1808581,1130.901872,923.0253577,1038.018084,1061.105728,995.3478854,1046.765875,1180.473416,1037.435021,1080.257948,1148.471242,1486.812532,1662.132906,1654.083755,1830.218505,2541.137978,2918.152913,2733.288455,2582.778197,2884.440591,2624.327155,2772.11958,2690.538942,2304.379726,2386.690233,2527.982409,2827.993062,..,..
Adjusted net national income per capita (current US$),NY.ADJ.NNTY.PC.CD,Cambodia,KHM,..,..,..,..,..,..,..,..,..,..,..,..,..,..,..,286.9162254,280.408611,273.5346624,239.6187783,266.1983943,270.088175,286.7812446,298.9874965,319.1326957,356.8360742,415.2434872,468.6131362,547.6509496,638.9559429,621.2598081,658.3056105,739.4836537,795.5369864,860.6192096,903.2207363,948.6102663,1016.587074,1099.543236,1185.67785,..,..
Adjusted net national income per capita (current US$),NY.ADJ.NNTY.PC.CD,Cameroon,CMR,552.0126314,683.9119017,685.7389383,671.0161166,675.875274,675.419589,935.3429,1005.46683,1013.09843,820.717185,754.8805257,839.3918387,747.7987147,1022.456564,670.1966953,588.6805671,616.4256912,619.2069705,616.4856599,627.6299005,507.7223008,525.2799561,578.4859387,731.661391,850.9051672,830.3211953,861.2365456,952.2889534,1069.122315,1085.861224,1033.682956,1117.267305,1067.490257,1160.031572,1245.239357,1080.862493,1110.21537,1142.540199,1212.501517,..,..
Adjusted net national income per capita (current US$),NY.ADJ.NNTY.PC.CD,Canada,CAN,8757.046269,9763.694011,9871.591473,10711.45691,11101.82538,11340.56371,11699.3711,13247.64633,15347.45713,16731.97634,17195.56976,17586.91894,16735.31411,16171.48569,16021.12294,16630.8615,17030.67288,17602.27345,16843.19067,17924.48739,19531.83589,19045.08414,19641.02533,22951.81406,26083.43682,29546.50031,33091.63952,36480.6108,37759.14543,32922.04597,38584.91897,42476.63692,42856.45946,42898.55527,41435.36246,35215.36584,34217.18717,36907.61301,37653.28136,..,..
Adjusted net national income per capita (current US$),NY.ADJ.NNTY.PC.CD,Cayman Islands,CYM,..,..,..,..,..,..,..,..,..,..,..,..,..,..,..,..,..,..,..,..,..,..,..,..,..,..,..,..,..,..,..,..,..,..,..,..,..,..,..,..,..
Adjusted net national income per capita (current US$),NY.ADJ.NNTY.PC.CD,Central African Republic,CAF,311.7439354,271.8998827,280.5965388,237.1563957,226.5742693,306.1051066,386.0786866,397.039695,412.7147283,399.1407017,459.2616236,430.227969,429.3649632,376.5616153,245.6098983,315.9038548,273.4555246,251.425347,254.0122453,259.3743735,230.5157772,231.3098126,240.561596,272.1441322,295.7017549,306.8906328,328.0330955,373.3570655,422.6169375,428.7903579,437.5653337,486.1531185,494.0239183,305.7433427,345.4149649,314.6342029,338.6323967,397.7635318,435.5553291,..,..
Adjusted net national income per capita (current US$),NY.ADJ.NNTY.PC.CD,Chad,TCD,208.8497868,170.5206411,160.4251915,159.0405548,172.5937988,190.8208343,191.120584,202.0027373,250.2327805,235.2828898,275.6133131,291.3956714,283.9729617,206.6722128,164.2257504,194.5195361,207.4235952,191.5789122,210.5531057,178.6374106,152.248091,181.1170859,191.5228329,205.9221707,228.7535536,353.8646482,383.4561553,464.8412875,517.2681462,617.79611,683.8948135,729.9101142,728.6412195,749.4416502,772.7139737,621.7780001,554.7784539,494.8874326,522.0405773,..,..
Adjusted net national income per capita (current US$),NY.ADJ.NNTY.PC.CD,Channel Islands,CHI,..,..,..,..,..,..,..,..,..,..,..,..,..,..,..,..,..,..,..,..,..,..,..,..,..,..,..,..,..,..,..,..,..,..,..,..,..,..,..,..,..
Adjusted net national income per capita (current US$),NY.ADJ.NNTY.PC.CD,Chile,CHL,2128.660817,2517.539368,1713.084518,1300.58995,1215.433462,997.6206075,1090.00917,1299.371716,1476.430316,1664.039956,1878.155787,2153.251572,2646.771182,2855.379927,3205.829731,4084.098431,4276.731213,4617.997865,4484.472215,3976.892837,4005.917424,3671.221182,3572.816928,3698.91903,4493.599734,5449.150893,6022.043932,6812.975184,7445.892751,7409.294029,9160.486093,10595.79821,11439.59199,11878.4741,11187.6353,10617.59198,10769.69082,11366.44363,11844.56178,..,..
Adjusted net national income per capita (current US$),NY.ADJ.NNTY.PC.CD,China,CHN,154.175889,155.6029861,165.1947988,188.3735431,213.1405115,251.1059605,245.3877831,217.4464159,248.2373816,269.1356936,271.3056277,290.3541134,322.4157767,328.6080176,412.0187984,518.538702,601.1175279,661.4138162,695.7330264,729.5297319,791.7176555,866.2516297,949.815153,1060.448836,1213.132883,1388.437113,1642.555382,2074.920654,2579.137944,2910.973447,3362.863238,4002.010954,4591.284623,5139.663616,5716.809365,6055.255658,6138.718128,6648.528529,7709.671559,..,..
Adjusted net national income per capita (current US$),NY.ADJ.NNTY.PC.CD,Colombia,COL,1091.610787,1157.17436,1203.410448,1146.747394,1098.43494,969.462015,958.7268227,948.2408757,1027.180651,977.4466743,1163.104422,1210.31974,1432.50661,1625.74022,1987.670722,2186.147582,2203.31182,2375.940091,2167.490261,1802.937854,2016.465562,1983.818239,1935.409925,1810.028563,2183.339505,2686.026737,2901.512556,3676.018971,4180.298896,4103.00073,4946.755702,5568.647109,6195.593627,6357.658273,6330.932507,4970.112043,4749.652249,5045.142614,5132.978331,..,..
Adjusted net national income per capita (current US$),NY.ADJ.NNTY.PC.CD,Comoros,COM,642.4134614,575.3308245,523.8485445,527.3654801,494.8040219,507.37943,700.8405821,827.2808096,845.822738,796.3134716,965.0711322,926.7831621,976.9164217,934.8344343,638.2844636,765.1149997,738.4183874,660.710106,651.9359893,659.204005,591.741049,624.2446763,680.3155366,852.6411558,966.6097479,978.644789,1021.44354,1131.27839,1263.745586,1222.372256,1197.133252,1311.139659,1264.430371,1357.317061,1363.562135,1118.976881,1146.998722,1194.25241,1287.840306,..,..
Adjusted net national income per capita (current US$),NY.ADJ.NNTY.PC.CD,"Congo, Dem. Rep.",COD,..,..,..,..,..,..,..,..,..,..,..,..,..,..,111.9999596,104.1054223,111.4730826,116.4657327,116.5140158,83.56760585,357.1008463,130.6480712,151.4557413,148.1366014,164.7398289,180.9451904,210.9798375,227.7313954,241.7890205,225.3475789,250.9531904,271.8431177,292.056244,288.4231048,306.3323447,332.7874258,341.9719117,352.1998102,401.9991268,..,..
Adjusted net national income per capita (current US$),NY.ADJ.NNTY.PC.CD,"Congo, Rep.",COG,553.022715,799.5591894,886.6280635,742.8252701,598.3390164,593.0882385,610.8496648,662.983747,495.3296336,391.1070866,388.4654417,520.1658888,555.807929,227.1105442,276.6262127,97.79510534,96.29878523,184.1371575,277.9382654,186.0846667,109.670981,190.5969226,239.0709595,332.3905327,248.2389104,131.5953221,62.29823409,326.5476445,483.8959781,585.3610977,493.956411,351.8259404,513.8430059,831.8835862,1052.751179,1105.654059,1082.24078,759.8649684,578.9440871,..,..
Adjusted net national income per capita (current US$),NY.ADJ.NNTY.PC.CD,Costa Rica,CRI,1675.693367,796.7102143,702.1098627,960.0327693,1145.407778,1216.929384,1355.720342,1339.208537,1318.473263,1460.128265,1599.099892,2000.551025,2332.988465,2557.657972,2767.488769,2956.085701,2929.314457,3095.524283,3271.491903,3266.325767,3347.396246,3500.09636,3568.850617,3661.66404,3902.298953,4160.293533,4683.152295,5501.093259,6274.425677,6074.482812,7299.728336,8184.826688,8945.056872,9411.445514,9403.885797,10084.8062,10402.68943,10564.46527,10783.83964,..,..
Adjusted net national income per capita (current US$),NY.ADJ.NNTY.PC.CD,Cote d'Ivoire,CIV,1096.215124,847.2962986,728.0790941,605.7921683,601.400084,574.4727638,754.0166677,785.6301825,770.3232049,672.2492479,709.5627345,681.1932922,710.3968098,676.9977304,509.5835443,662.4079443,721.0314672,689.0235797,735.1291479,696.4736753,555.6392284,556.7151657,593.8131591,703.2920918,775.0023566,828.6828391,824.742109,940.647005,1091.773898,1094.582492,1093.109597,1064.903916,1115.420465,1271.353479,1445.912607,1861.682937,1902.841719,..,..,..,..
Adjusted net national income per capita (current US$),NY.ADJ.NNTY.PC.CD,Croatia,HRV,..,..,..,..,..,..,..,..,..,..,..,..,..,..,..,4065.72742,4358.984781,4427.953878,4725.696023,4265.535028,3976.206651,4307.623796,5090.627819,6434.877204,7814.337062,8677.230244,9587.533459,11488.17084,13241.93332,11573.18118,11092.45194,11664.91689,10645.47608,11212.5963,11204.37842,10009.80412,10173.62796,11284.94809,12588.01224,..,..
Adjusted net national income per capita (current US$),NY.ADJ.NNTY.PC.CD,Cuba,CUB,1776.621658,1782.917166,1845.154996,1944.626163,2092.726717,1965.091416,2062.596322,2123.774275,2289.740547,2234.726586,2345.003575,1987.641542,1808.593409,1832.156011,2315.933586,2424.406941,1973.547941,1991.967893,2019.886318,2204.052051,2342.287011,2439.299129,2582.991041,2756.581078,2908.208379,3249.255975,4025.032448,4342.66462,4569.264168,4676.68762,4820.535159,5177.113494,5500.680413,5820.591153,6080.921,6625.862158,6928.870381,..,..,..,..
Adjusted net national income per capita (current US$),NY.ADJ.NNTY.PC.CD,Curacao,CUW,..,..,..,..,..,..,..,..,..,..,..,..,..,..,..,..,..,..,..,..,..,..,..,..,..,..,..,..,..,..,..,..,..,..,..,..,..,..,..,..,..
Adjusted net national income per capita (current US$),NY.ADJ.NNTY.PC.CD,Cyprus,CYP,3738.263917,3522.794527,3596.443868,3526.68113,3675.05444,3862.731795,4791.877285,5690.998656,6504.760261,6860.851027,8234.977443,8285.164419,9659.716206,8995.385465,9920.796412,12344.16553,12243.20487,11427.63369,13481.23504,12429.51639,11359.15178,11981.18978,13328.39982,17068.42311,19696.56942,20796.30728,22245.88201,25815.74632,30858.81974,28317.28079,26880.73529,29341.80845,25153.29732,23796.79817,22744.4646,20028.36278,20331.4779,22234.69469,26327.56224,..,..
Adjusted net national income per capita (current US$),NY.ADJ.NNTY.PC.CD,Czech Republic,CZE,..,..,..,..,..,..,..,..,..,..,..,..,..,3111.13573,3644.015171,4519.682067,5061.128075,4598.999858,4943.4294,4772.58882,4525.078052,4941.181759,5989.336127,7322.504754,8672.484086,9986.380847,11192.28788,13512.47665,16552.84576,14094.46419,14052.78378,15359.34055,14203.03807,14308.23296,14104.35462,12778.6986,13395.38347,14972.11269,..,..,..
Adjusted net national income per capita (current US$),NY.ADJ.NNTY.PC.CD,Denmark,DNK,11625.42726,9901.04909,9631.664627,9692.463244,9431.305091,9985.750037,14187.01591,17587.54046,18363.80913,17637.74747,21551.49548,21535.62115,23729.79478,22180.10739,24293.85368,28806.55237,29026.07581,26711.46013,27337.28089,27399.41536,24678.1563,24863.42837,26837.65562,32687.04088,38021.22172,40240.30694,43187.47243,47956.36876,52192.93129,47565.08749,48020.20807,51290.35265,48737.90339,51904.38867,53743.43231,45799.35156,46831.60592,48741.85592,52641.13452,..,..
Adjusted net national income per capita (current US$),NY.ADJ.NNTY.PC.CD,Djibouti,DJI,..,..,..,..,..,..,..,..,..,..,..,718.7708318,734.8882461,718.9909572,743.1424304,735.9154997,714.0410028,700.321173,687.0542463,702.1618017,709.8373097,716.126077,728.2731819,758.1545194,800.2851801,836.685359,893.6442501,968.6804699,1120.134314,1144.846693,1199.364357,1279.596977,1402.373628,2072.407415,2231.372975,2435.539514,2554.4509,2614.568535,2785.076867,..,..
Adjusted net national income per capita (current US$),NY.ADJ.NNTY.PC.CD,Dominica,DMA,948.2317227,1071.353411,1167.769576,1286.3039,1412.205339,1558.017699,1784.538639,2031.84297,2325.755782,2494.814097,2713.055489,2911.744648,3114.182994,3274.88565,3456.449492,3567.045698,3737.455653,3914.619109,4229.387571,4235.476328,4073.054182,4312.145315,4163.487771,4281.554942,4480.721668,4446.2204,4933.80007,5209.712521,5643.391763,5867.190558,5904.577351,5737.996178,5429.575443,5568.703588,5811.852185,5720.139293,6211.813602,5276.417282,5567.533564,..,..
Adjusted net national income per capita (current US$),NY.ADJ.NNTY.PC.CD,Dominican Republic,DOM,1048.744591,1115.459727,1210.101013,1275.555661,1493.823422,694.7794841,849.5950928,781.5408279,692.7420679,860.89081,900.4624648,1222.844367,1415.693884,1562.513452,1740.608691,1921.698908,2103.859529,2285.403788,2451.375058,2447.473876,2630.434357,2743.795181,2871.659423,2139.113949,2162.018662,3538.236263,3686.638051,4157.375291,4663.700699,4651.705543,5111.796926,5408.592838,5580.437706,5592.144755,5929.187034,6281.191655,6560.187543,6803.618013,7197.232413,..,..
Adjusted net national income per capita (current US$),NY.ADJ.NNTY.PC.CD,Ecuador,ECU,1888.570058,2304.011951,2045.506054,1642.097097,1564.818409,1558.053845,1404.892372,1239.342009,1069.330245,1080.797417,1154.815713,1356.489747,1446.427272,1478.38925,1733.774339,1805.943918,1782.6875,1997.135557,1972.694945,1259.28018,1084.537377,1538.668752,1792.873026,1962.105741,2079.874586,2212.677673,2401.002801,2595.593375,3123.053543,3373.428343,3567.538198,3885.259968,4306.672971,4656.896337,4869.507787,4823.509473,4743.849067,4777.022482,4626.43676,..,..
Adjusted net national income per capita (current US$),NY.ADJ.NNTY.PC.CD,"Egypt, Arab Rep.",EGY,312.5316923,329.0535874,437.4637648,481.7093083,510.9287935,563.7567901,643.3382608,647.2029878,552.0035404,590.390716,587.6541762,549.3817118,604.2899957,667.4797676,742.0762258,843.7235564,921.103599,1075.036068,1173.643758,1198.259153,1290.348414,1268.900214,1112.798612,1012.700123,923.2594786,993.8705533,1176.343383,1422.283657,1702.776766,2030.301618,2252.766679,2342.796623,2741.760712,2788.580957,2911.325808,3247.878377,3215.251093,2165.534778,2216.490615,..,..
Adjusted net national income per capita (current US$),NY.ADJ.NNTY.PC.CD,El Salvador,SLV,719.6814747,677.0641401,647.1087516,666.869878,689.9447054,712.3350996,697.4538298,722.4423202,756.7167151,780.1678717,843.5341574,907.186962,1006.162803,1147.699193,1308.014209,1500.99508,1588.529941,1664.400428,1765.077547,1779.22375,1844.649904,1899.184194,1929.983129,1984.910315,2027.870418,2155.036335,2329.494132,2443.277957,2562.294697,2442.743582,2556.736947,2813.532974,2917.986274,2957.593927,3006.71619,3079.065231,3131.45675,3196.972136,3314.699662,..,..
Adjusted net national income per capita (current US$),NY.ADJ.NNTY.PC.CD,Equatorial Guinea,GNQ,178.3867957,102.38519,108.8242722,120.2755348,130.9458014,147.4121005,173.4239594,212.5167313,218.6439569,182.6285123,263.5938819,260.2878715,310.3461734,294.5999821,174.2169368,208.5946404,234.5897014,359.4549264,273.8214811,326.3679349,-45.04973404,..,..,..,..,-616.378494,3005.450501,4404.702075,5101.483224,4933.205788,2658.487697,4311.394397,4376.144443,5622.321479,5675.393058,5347.372026,4850.443939,4074.286862,3881.81906,..,..
Adjusted net national income per capita (current US$),NY.ADJ.NNTY.PC.CD,Eritrea,ERI,..,..,..,..,..,..,..,..,..,..,..,..,..,180.7954322,205.610115,218.7816439,257.8430629,256.3206127,283.2063092,266.9948267,263.2159856,270.7680847,252.2163352,282.959241,348.5534189,338.013626,364.6923992,382.0347414,385.5101715,520.2988458,436.0673675,452.1896571,..,..,..,..,..,..,..,..,..
Adjusted net national income per capita (current US$),NY.ADJ.NNTY.PC.CD,Estonia,EST,..,..,..,..,..,..,..,..,..,..,..,..,..,..,..,..,..,..,..,..,3406.05411,3745.009575,4409.960448,5881.487252,7260.092008,8609.36185,10333.46547,13298.92555,14639.84714,11797.07546,11499.385,13914.3096,14021.65702,15595.42826,16522.99954,14323.66893,14844.51899,16736.31258,19214.48956,..,..
Adjusted net national income per capita (current US$),NY.ADJ.NNTY.PC.CD,Eswatini,SWZ,..,..,..,..,..,..,..,..,..,..,1237.996125,1265.066775,1379.32181,1375.179828,1339.61107,1662.243685,1595.897715,1678.055177,1441.98998,1434.931143,1526.71776,1409.466421,1203.772132,1814.897234,2341.428543,2855.814484,2776.241466,2912.928132,2696.833297,2845.325608,3383.829874,3848.532389,3863.362551,3666.129001,3474.799065,3192.298741,2734.681868,3132.785086,3216.672027,..,..
Adjusted net national income per capita (current US$),NY.ADJ.NNTY.PC.CD,Ethiopia,ETH,..,180.4831953,177.0171872,203.2443401,185.5287946,216.5152947,211.0889329,219.999295,217.9824602,220.9995258,222.9990143,238.2957936,171.7839929,139.7175329,96.70623016,94.14041237,105.2623457,103.3437103,86.40239447,93.90661341,97.57758282,94.88563205,80.93452977,72.08132714,92.44165314,117.0406566,145.3692664,177.1841932,244.7304619,290.1605536,261.2811661,263.71194,350.7393213,373.828312,422.7988235,472.2912821,520.9992301,547.3840425,561.9815619,..,..
Adjusted net national income per capita (current US$),NY.ADJ.NNTY.PC.CD,Faroe Islands,FRO,..,..,..,..,..,..,..,..,..,..,..,..,..,..,..,..,..,..,..,..,..,..,..,..,..,..,..,..,..,..,..,..,..,..,..,..,..,..,..,..,..
Adjusted net national income per capita (current US$),NY.ADJ.NNTY.PC.CD,Fiji,FJI,1682.368939,1684.629556,1537.148662,1431.987428,1473.958759,1423.63894,1599.213003,1436.591573,1345.29697,1432.281149,1569.336084,1615.964514,1766.19613,1873.628398,2017.434019,2217.899733,2393.707276,2286.207286,1767.398689,2046.649703,1866.84137,1799.053655,2063.076048,2550.425596,3030.045396,3383.699013,3267.444477,3638.616854,3736.864603,3067.434317,3221.781438,3701.906457,3856.368275,4204.629714,4756.602434,4591.393046,4800.702427,5092.427267,5137.379301,..,..
Adjusted net national income per capita (current US$),NY.ADJ.NNTY.PC.CD,Finland,FIN,9262.689849,8941.341451,8947.928355,8545.407068,8840.973093,9305.618333,12247.00474,15131.7745,17981.03391,19230.19835,22301.9945,19441.05195,16726.97862,13112.34883,15459.12188,20757.26392,20574.82452,20049.51481,21138.65261,21505.07233,20019.97653,20684.43689,22351.94701,26996.59081,31444.81316,32320.35593,34290.39283,40123.45584,43949.27926,38621.05977,38213.82335,41709.43949,38691.99014,40403.35062,41063.36615,35071.77465,35799.05376,37753.76408,41000.95481,..,..
Adjusted net national income per capita (current US$),NY.ADJ.NNTY.PC.CD,France,FRA,10914.31282,9481.300544,8906.704857,8414.805116,7913.612728,8260.771483,11563.1713,13961.5842,15147.3435,15111.54853,18564.69048,18318.7159,20162.67211,18931.42478,19882.4385,22820.36556,22951.27811,20809.75499,21532.60709,21426.09649,19294.26192,19356.81284,20632.07541,25269.59846,28831.61853,29725.90449,31166.15219,35446.52302,38533.55717,35101.59539,34362.55143,37138.07826,34395.20554,35867.25673,36186.25183,30896.22767,31182.4688,32708.48557,34835.01215,..,..
Adjusted net national income per capita (current US$),NY.ADJ.NNTY.PC.CD,French Polynesia,PYF,..,..,..,..,..,..,..,..,..,..,..,..,..,..,..,..,..,..,..,..,..,..,..,..,..,..,..,..,..,..,..,..,..,..,..,..,..,..,..,..,..
Adjusted net national income per capita (current US$),NY.ADJ.NNTY.PC.CD,Gabon,GAB,3175.046894,3641.835404,3555.993332,3005.580654,2845.33193,2486.715999,2672.615867,2206.484253,3016.233016,2662.446799,3031.812891,3219.804626,2961.540935,2013.384826,2114.86873,2319.03976,2413.998059,2305.215817,2501.361258,2254.127178,1750.03047,2308.364536,2609.792176,3152.602296,3133.717154,3657.557535,3675.793698,4050.666929,4542.831025,4509.171393,4587.1536,5195.932329,5137.757699,5457.011401,6226.068493,5205.011721,4993.750325,4984.080835,5205.099432,..,..
Adjusted net national income per capita (current US$),NY.ADJ.NNTY.PC.CD,"Gambia, The",GMB,315.9688996,277.9007818,265.5919519,240.1623049,210.5059289,292.1882466,236.5422832,261.5380186,267.4835064,247.2946008,253.9111476,579.8728745,576.185916,587.7771127,562.4532693,568.3760531,592.9642707,542.3848039,548.9228619,516.1491388,476.8239669,399.5296547,316.4312588,251.7192494,521.6013888,541.5870512,536.1086887,632.5639267,753.7356411,676.4489813,698.3704452,603.9245309,578.7248635,543.6999709,472.6292911,503.6212591,532.5767409,526.3554097,582.3317723,..,..
Adjusted net national income per capita (current US$),NY.ADJ.NNTY.PC.CD,Georgia,GEO,..,..,..,..,..,..,..,..,..,..,..,..,..,..,..,..,..,..,808.4290594,629.3259216,678.6095649,718.8750698,763.6100174,897.1515734,1188.513891,1495.364996,1839.597858,2383.857635,2987.177118,2523.405326,2809.441323,3406.084175,3862.171184,4019.086794,4168.151136,3488.417492,3443.663357,3665.710534,4014.090432,..,..
Adjusted net national income per capita (current US$),NY.ADJ.NNTY.PC.CD,Germany,DEU,10334.67732,8600.514012,8304.830551,8295.276675,7863.247013,7966.077057,11388.12842,14069.65263,15242.32249,15135.63164,19017.42384,19771.81831,22311.83672,21371.40941,22642.81027,26437.25083,25447.6087,22430.91414,22614.39844,22102.59782,19499.56344,19428.43731,20510.20642,24727.57325,28410.07673,28837.6947,30765.58102,35115.12533,37929.07869,34718.0694,34848.99668,39510.82987,36959.53505,38933.8101,40300.84672,34715.75811,35641.27399,37540.83824,40284.96091,..,..
Adjusted net national income per capita (current US$),NY.ADJ.NNTY.PC.CD,Ghana,GHA,376.2328646,354.1534063,331.0449187,322.6796616,334.0433792,327.3859209,398.7239624,337.1082174,335.3708486,332.4443522,364.5327102,401.5489133,373.9344185,319.4243596,276.3854214,321.3848222,333.3817696,329.0294758,345.480711,357.3499969,220.8872431,225.7781877,248.7516697,288.4042551,330.3485956,383.2482139,719.3775727,851.2452771,941.4424366,761.7339045,895.2829633,993.8868871,970.368878,1570.757753,1288.431882,1161.90093,1276.745362,1335.211557,1461.737353,..,..
Adjusted net national income per capita (current US$),NY.ADJ.NNTY.PC.CD,Gibraltar,GIB,..,..,..,..,..,..,..,..,..,..,..,..,..,..,..,..,..,..,..,..,..,..,..,..,..,..,..,..,..,..,..,..,..,..,..,..,..,..,..,..,..
Adjusted net national income per capita (current US$),NY.ADJ.NNTY.PC.CD,Greece,GRC,5344.438258,4830.331232,5031.489217,4469.41665,4281.893831,4227.38283,4909.363365,5730.172608,6648.321977,6885.802803,8585.234425,9161.388466,10064.83057,9333.990673,9943.131285,11575.65668,12124.53503,11806.0601,11777.61149,11370.98518,10528.0416,10951.76591,12242.07905,15753.64152,18572.91096,19305.19675,20761.43375,23873.11214,26183.01429,24321.67441,21816.42465,20536.20191,18056.40145,17597.19781,17990.17222,15020.2328,15030.41016,15861.21689,16994.1723,..,..
Adjusted net national income per capita (current US$),NY.ADJ.NNTY.PC.CD,Greenland,GRL,..,..,..,..,..,..,..,..,..,..,..,..,..,..,..,..,..,..,..,..,..,..,..,..,..,..,..,..,..,..,..,..,..,..,..,..,..,..,..,..,..
Adjusted net national income per capita (current US$),NY.ADJ.NNTY.PC.CD,Grenada,GRD,..,..,..,..,..,..,..,..,..,..,..,..,..,..,..,..,..,..,..,..,..,..,..,..,..,..,..,..,..,..,..,..,..,..,..,..,..,..,..,..,..
Adjusted net national income per capita (current US$),NY.ADJ.NNTY.PC.CD,Guam,GUM,..,..,..,..,..,..,..,..,..,..,..,..,..,..,..,..,..,..,..,..,..,..,..,..,..,..,..,..,..,..,..,..,..,..,..,..,..,..,..,..,..
Adjusted net national income per capita (current US$),NY.ADJ.NNTY.PC.CD,Guatemala,GTM,1053.340913,1121.799778,1087.876885,1115.409651,1133.866146,1142.290893,816.210167,781.5316224,843.8006592,883.768944,770.1246214,938.7210075,1013.473345,1085.013339,1202.685644,1320.176402,1373.069129,1516.381964,1619.642435,1482.997621,1513.283722,1436.24388,1534.749612,1574.598617,1670.182954,1839.353413,1965.480178,2136.591553,2386.467211,2239.868983,2387.398805,2699.263381,2846.244508,2930.245739,3113.226215,3323.78404,3477.966858,3721.032694,3741.498253,..,..
Adjusted net national income per capita (current US$),NY.ADJ.NNTY.PC.CD,Guinea,GIN,..,..,..,..,..,..,274.1516005,291.8281287,334.9901557,324.0080527,346.873757,383.8205477,422.6163354,423.0363575,424.0374616,427.2689161,437.8480475,427.2551787,390.6500683,373.220554,310.4074551,283.5742111,289.6782562,293.7431,316.8166068,236.9592452,381.6784557,557.307624,577.776033,518.0398641,518.6874672,483.516595,536.7185252,566.410729,584.9010505,581.0058267,537.5291943,639.4861332,709.0856655,..,..
Adjusted net national income per capita (current US$),NY.ADJ.NNTY.PC.CD,Guinea-Bissau,GNB,126.0864448,182.4691031,190.4118672,185.6624491,153.7648819,172.0119184,137.9626524,172.3211688,158.0239614,200.6884719,228.428384,229.6139353,195.9162685,200.5375998,195.4938909,199.9469357,207.5721608,205.0424858,144.8225818,159.9743308,272.1318117,279.5779217,292.1504203,315.8512452,350.2308969,376.6883509,371.2065361,414.8596667,495.0177655,455.8631101,468.9342559,608.8495579,514.0352176,514.6693187,531.8146723,505.347706,562.5810419,624.8174692,696.1840291,..,..
Adjusted net national income per capita (current US$),NY.ADJ.NNTY.PC.CD,Guyana,GUY,663.2109339,596.6016738,482.9357194,484.2153318,422.5790996,456.6967536,499.7671603,321.4963947,402.6167602,331.0739742,378.5957339,279.7922091,345.4826416,473.134918,592.3008894,688.8769097,837.5972368,866.5843337,850.5945565,809.697357,867.077953,857.0705924,871.0397306,903.7685289,967.6805142,1036.480781,1933.458746,2281.186681,2395.589209,2525.964148,2661.914173,2893.441795,3130.971129,3295.90369,3597.482313,3698.495822,3723.242662,3760.640573,4048.123829,..,..
Adjusted net national income per capita (current US$),NY.ADJ.NNTY.PC.CD,Haiti,HTI,231.6094222,243.0145016,233.9127303,256.0812403,281.0132537,304.2254473,345.8087187,296.851291,371.8556889,381.3784758,424.1633138,465.9029304,298.0405534,243.9744244,278.6016358,351.9947094,358.4101524,404.9480922,443.0339132,487.9703904,460.5380418,408.2244683,384.5115907,320.7128512,375.3565368,446.9114752,485.7310187,589.2813213,641.343208,636.3681958,625.7716901,703.6838053,727.051142,766.1554405,778.9078884,761.1683565,682.2213603,710.3612079,805.2942101,..,..
Adjusted net national income per capita (current US$),NY.ADJ.NNTY.PC.CD,Honduras,HND,962.1447403,954.4187921,952.6845117,988.0022361,1052.913707,1105.279742,1154.624195,1222.179027,1120.506647,999.0661831,862.441087,789.7902593,813.938736,814.4903303,744.6391376,830.1793375,788.0636135,853.120168,927.0328152,913.8822997,983.0670961,1017.023621,1013.356525,1028.962378,1070.303798,1154.212744,1253.811964,1416.435615,1547.788507,1589.570255,1655.856357,1824.439164,1851.324505,1800.309748,1865.026966,1993.491207,2007.297802,2136.228123,2141.250892,..,..
Adjusted net national income per capita (current US$),NY.ADJ.NNTY.PC.CD,"Hong Kong SAR, China",HKG,5131.069436,..,..,..,..,..,..,..,..,..,..,..,..,..,..,..,..,..,..,..,..,..,..,..,..,..,..,..,..,..,..,..,..,..,..,..,..,..,..,..,..
Adjusted net national income per capita (current US$),NY.ADJ.NNTY.PC.CD,Hungary,HUN,..,..,..,..,..,..,..,..,..,..,..,..,..,3057.902209,3284.481718,3411.048596,3394.247384,3414.339489,3552.321376,3549.080088,3459.957623,3996.036886,5137.926701,6575.234237,8011.797381,8719.767386,8927.694563,10635.13369,12105.5981,10101.76421,10109.30376,10871.79058,9959.79424,10820.49871,11176.57068,9960.191584,10487.08266,11504.40321,12895.66092,..,..
Adjusted net national income per capita (current US$),NY.ADJ.NNTY.PC.CD,Iceland,ISL,..,..,..,..,..,..,..,..,..,..,..,..,..,..,..,..,..,..,..,..,..,..,..,..,..,..,..,..,..,..,..,32111.01451,32306.84878,39147.75799,43246.42013,42302.94757,50341.64848,58220.28991,58080.29499,..,..
Adjusted net national income per capita (current US$),NY.ADJ.NNTY.PC.CD,India,IND,240.8482695,242.0838068,242.662204,258.4838783,244.3752222,260.1838858,273.9820021,300.5977429,312.7538153,302.8448595,321.1004567,263.4499556,276.0458601,262.2698856,302.9207174,326.0684209,349.5595208,363.8320593,364.2095922,389.970085,386.7647808,394.2017469,410.8045184,476.7612398,548.1318537,621.48335,699.3819235,891.5848347,852.1268773,957.9084149,1171.9979,1256.484413,1246.473132,1251.528285,1365.396839,1404.45172,1503.878512,1730.733672,1735.329397,..,..
Adjusted net national income per capita (current US$),NY.ADJ.NNTY.PC.CD,Indonesia,IDN,352.0017531,439.7426852,490.7981546,420.3788488,427.4106227,427.6358577,410.1294476,369.6051913,411.063058,438.3226738,476.6296707,537.3875137,581.0353964,722.0690079,810.7041108,908.9110973,1006.612683,942.4115528,393.1283077,556.2651089,632.0942622,540.7698105,666.3902185,782.7891184,820.8915885,882.6459807,1127.617972,1318.821146,1538.50403,1672.34183,2325.786398,2682.120062,2747.100495,2705.093687,2625.297602,2540.584132,2806.763833,3007.523268,2998.690092,..,..
Adjusted net national income per capita (current US$),NY.ADJ.NNTY.PC.CD,"Iran, Islamic Rep.",IRN,1996.233562,2139.914995,2523.088205,2954.478886,2978.27001,3190.467361,3592.936798,2176.441848,1907.204832,1772.639932,1683.185065,..,..,757.1874718,847.7782331,1174.502044,1379.553128,1331.642041,1335.064806,1319.517297,1197.284654,1447.297703,1520.751193,1781.432758,2136.534192,2485.755815,2888.953072,3840.717236,4375.055671,4572.039253,5354.651353,6244.610145,6170.316582,4609.634422,4291.631883,3835.411546,4189.799644,4352.306986,..,..,..
Adjusted net national income per capita (current US$),NY.ADJ.NNTY.PC.CD,Iraq,IRQ,2292.182324,2072.097261,2289.313787,2114.870728,2397.635183,2341.610993,2297.734194,2721.417426,2922.978599,2866.374623,8419.373431,..,..,..,..,..,..,..,..,..,..,..,..,..,1015.409284,1204.902588,1676.089898,2344.761786,3672.736388,3217.460534,3728.429448,4711.95107,5317.771224,5525.913027,5253.527617,3968.952211,3841.102124,4046.60576,4350.643935,..,..
Adjusted net national income per capita (current US$),NY.ADJ.NNTY.PC.CD,Ireland,IRL,5624.707889,5302.235494,5303.297733,5008.177252,4735.687017,4938.512662,6733.332217,7957.246542,8805.383745,9048.151286,11507.74648,11546.95725,12712.63204,11912.74789,12931.55882,15311.68976,16770.68165,17883.13896,19102.73991,19935.13452,19853.85132,20845.02682,23535.91504,30487.78824,35131.6702,37302.10874,39680.48821,44467.77824,44625.80541,36158.88983,33836.39042,34794.63233,32335.87332,35833.3947,38595.95175,34305.57144,36636.07429,38451.93494,42176.77677,..,..
Adjusted net national income per capita (current US$),NY.ADJ.NNTY.PC.CD,Isle of Man,IMN,..,..,..,..,..,..,..,..,..,..,..,..,..,..,..,..,..,..,..,..,..,..,..,..,..,..,..,..,..,..,..,..,..,..,..,..,..,..,..,..,..
Adjusted net national income per capita (current US$),NY.ADJ.NNTY.PC.CD,Israel,ISR,4904.028841,5145.439909,5594.00363,6159.08172,5462.073989,5007.730517,6237.526032,7520.090446,9234.15658,9036.716731,10513.78557,11553.07517,12512.85035,12184.56719,13501.73894,15372.15765,16317.92202,16505.58391,16272.96616,15689.37584,16932.28957,16613.80343,14995.43707,15389.21587,16235.55659,17174.30968,18436.66038,21158.78928,24692.29307,23053.88943,25940.00116,28660.55762,27233.0906,30766.45554,32443.07037,30740.41055,32090.45116,34854.90905,36155.19506,..,..
Adjusted net national income per capita (current US$),NY.ADJ.NNTY.PC.CD,Italy,ITA,7329.806541,6484.669272,6407.304353,6658.340982,6586.103708,6779.510896,9614.064304,12141.21408,13459.65639,13971.36495,17625.97709,18533.32163,19512.0423,15682.32731,16163.7202,17382.99082,19505.48545,18552.92427,18943.62311,18730.45371,17039.28769,17378.46594,18792.23689,23138.38892,26385.53871,27051.01811,28309.16822,31793.4718,33666.9264,30591.19033,29580.98932,31632.21134,28561.53778,28933.58357,29021.63637,24525.89875,25532.59813,26892.28628,28832.14206,..,..
Adjusted net national income per capita (current US$),NY.ADJ.NNTY.PC.CD,Jamaica,JAM,934.0821122,1061.055725,1166.635418,1244.850629,763.1080292,654.5981205,904.9906625,1085.822928,1298.081495,1506.031858,1542.570305,1338.798992,1182.454954,1917.546123,1836.500694,2217.996391,2530.174047,2863.624772,2978.433981,2950.292183,2974.757988,2991.598569,3090.656118,2987.662071,3219.030922,3515.298154,3741.528065,4004.649419,4308.995362,3722.807807,4134.691287,4510.852612,4717.929408,4464.602761,4335.667981,4358.941782,4252.279545,4531.251695,4690.177628,..,..
Adjusted net national income per capita (current US$),NY.ADJ.NNTY.PC.CD,Japan,JPN,7900.386733,8567.851905,7917.341148,8602.740658,9070.225533,9568.569473,14090.37032,17061.6919,20608.99198,20251.53582,20623.32133,23305.99678,25128.77319,28299.70127,30981.75971,34506.5544,30725.12236,27858.40679,25163.17787,28319.48462,30450.84138,26771.98927,25448.919,27558.98133,30038.51677,29740.30243,28338.79993,28275.06491,30964.27193,31694.22641,35065.84852,38100.75404,38602.13019,32486.51968,30688.61038,28043.66041,31398.61704,31207.98319,31889.51253,..,..
Adjusted net national income per capita (current US$),NY.ADJ.NNTY.PC.CD,Jordan,JOR,1560.988282,1692.552584,1716.182122,1703.7712,1606.624268,1514.379246,1878.783208,1887.572023,1644.902785,1059.368113,1003.342664,935.9646877,1145.99015,1156.299058,1233.970392,1288.722529,1270.426154,1304.983199,1415.677422,1418.885443,1505.391698,1582.328592,1643.436992,1723.50877,1899.732363,2027.995114,2367.493432,2599.361202,3169.303976,3250.591324,3360.59967,3459.569083,3520.154865,3663.075858,3725.321446,3748.255851,3730.812212,3798.199142,3863.091516,..,..
Adjusted net national income per capita (current US$),NY.ADJ.NNTY.PC.CD,Kazakhstan,KAZ,..,..,..,..,..,..,..,..,..,..,..,..,..,1125.282312,1003.20959,1032.538705,1044.026266,1133.112399,..,852.9121151,742.0158369,1001.037866,1095.870098,1385.496261,1826.271471,2179.328768,2964.437896,4350.032803,5182.75153,4794.102074,5691.862705,7105.528041,7824.871155,9409.358994,8825.908642,7976.859297,5674.313696,6543.518563,6369.845625,..,..
Adjusted net national income per capita (current US$),NY.ADJ.NNTY.PC.CD,Kenya,KEN,348.4464874,316.5214092,277.1311362,257.1300987,259.3394499,249.8541008,282.7455412,300.0396634,301.9374597,290.4407547,283.0081443,257.6502424,249.9094626,162.1655925,199.9396865,244.5030198,328.5682239,353.7393549,372.2428684,332.5183869,319.9358146,319.443045,312.3298975,337.0868276,360.5772908,416.965241,570.6840985,683.7392317,752.901945,754.8446325,797.7798183,821.1095034,957.3212177,1018.377991,1081.835433,1107.396584,1177.233004,1277.402252,1406.616673,..,..
Adjusted net national income per capita (current US$),NY.ADJ.NNTY.PC.CD,Kiribati,KIR,591.0463554,589.8000484,674.4256179,688.4213522,557.5539237,444.217545,432.5263454,508.9053552,612.6730984,590.8097531,614.9226478,977.6138153,981.0217709,907.1895955,1035.840557,1110.813586,1103.363554,1317.861894,1328.071014,1268.932113,1214.046844,1198.579449,1247.318186,1435.228187,1547.321539,1601.20823,1531.867781,1837.157166,1959.676608,1696.349926,2078.927095,2255.318819,2540.623684,2655.472646,2934.953222,3035.792171,2685.861015,2987.643932,2983.147997,..,..
Adjusted net national income per capita (current US$),NY.ADJ.NNTY.PC.CD,"Korea, Dem. People’s Rep.",PRK,..,..,..,..,..,..,..,..,..,..,..,..,..,..,..,..,..,..,..,..,..,..,..,..,..,..,..,..,..,..,..,..,..,..,..,..,..,..,..,..,..
Adjusted net national income per capita (current US$),NY.ADJ.NNTY.PC.CD,"Korea, Rep.",KOR,1535.819262,1673.919886,1764.57821,1943.24915,2132.037568,2164.024036,2465.25264,3110.61125,4160.763252,5116.363934,5798.106466,6734.650827,7094.88017,7731.431826,9053.929103,10750.55787,11382.42579,10419.82876,6685.495957,8715.214548,10078.2259,9472.596589,10901.18051,12108.74227,13626.80378,15911.06848,17911.80559,19913.96368,17429.05213,15426.83701,18884.55863,20496.75433,20786.77005,22046.57393,23656.08331,23206.17268,23766.28251,25684.20122,26856.19474,..,..
Adjusted net national income per capita (current US$),NY.ADJ.NNTY.PC.CD,Kosovo,XKX,..,..,..,..,..,..,..,..,..,..,..,..,..,..,..,..,..,..,..,..,..,..,..,..,..,..,..,..,..,..,..,..,..,..,..,..,..,..,..,..,..
Adjusted net national income per capita (current US$),NY.ADJ.NNTY.PC.CD,Kuwait,KWT,20448.00746,20664.15205,16995.13377,14814.51192,14587.37564,13590.94408,12802.09453,13027.73074,12287.05815,13811.46943,11304.30388,7214.091496,..,..,..,17180.91702,19593.74129,18717.7442,15169.05414,16040.71933,18586.37297,15967.52355,16352.95389,19772.80828,24727.75215,31538.62095,39124.71099,42349.22719,48524.46981,34234.46872,34386.96824,41128.10435,43907.46494,42359.20934,38970.55514,28317.27952,27277.89199,29362.15566,31628.76777,..,..
Adjusted net national income per capita (current US$),NY.ADJ.NNTY.PC.CD,Kyrgyz Republic,KGZ,..,..,..,..,..,..,..,..,..,..,..,..,..,..,..,..,..,313.1494042,277.813812,208.9655621,224.6165505,257.8620744,265.0674696,317.4342182,355.7620956,409.7266508,479.9288745,646.7287712,787.7762757,703.7105372,664.5224879,805.1756845,957.835646,945.4773259,947.9271143,821.279421,858.7871557,934.7348093,1006.935629,..,..
Adjusted net national income per capita (current US$),NY.ADJ.NNTY.PC.CD,Lao PDR,LAO,..,..,..,..,441.0762647,585.3447786,425.2136892,249.5912125,130.612752,152.8914146,179.318603,205.0697446,217.8739215,250.591896,282.9727745,307.5869281,321.2112307,287.4448221,202.428957,235.137378,265.7600781,270.5907785,266.3730012,287.1935454,336.6739093,387.5187331,441.7027231,542.6285247,645.1279578,705.7163421,783.6438477,947.8107794,1122.739703,1317.340367,1472.287452,1565.765251,1706.751741,1758.528786,1854.910746,..,..
Adjusted net national income per capita (current US$),NY.ADJ.NNTY.PC.CD,Latvia,LVA,..,..,..,..,..,..,..,..,..,..,..,..,..,..,..,1426.761352,1559.649184,1783.684021,1996.643531,2115.413057,2383.935044,2644.920753,3097.603218,3862.948922,4756.323104,5807.550286,7218.497804,10601.40947,12565.85891,10215.24283,8579.06882,10444.12093,10319.49301,11339.95879,11887.25752,10370.05567,10835.65413,12037.8543,13744.89936,..,..
Adjusted net national income per capita (current US$),NY.ADJ.NNTY.PC.CD,Lebanon,LBN,..,..,..,..,..,..,..,..,..,965.356574,1042.547969,1436.094071,1663.615485,2092.18036,2474.622401,2956.04464,3313.993498,3530.941253,3894.571895,3965.54602,3864.391507,3684.214733,3694.885867,3129.172789,3732.833709,3800.223715,3785.134167,4419.2865,5159.634922,6154.344552,6423.043925,6282.491965,6531.25881,6483.882294,6222.076557,6152.193138,6099.783108,6268.347158,6399.603007,..,..
Adjusted net national income per capita (current US$),NY.ADJ.NNTY.PC.CD,Lesotho,LSO,470.5496936,479.0210064,441.8714864,485.7603431,410.7748631,302.5078587,340.7066568,425.7276366,458.6339836,452.0939101,525.4483915,579.7487978,631.61738,598.342764,602.6350917,649.2899947,603.2034382,619.1914076,538.4463829,539.678142,505.083709,541.6736787,508.2342744,750.0180868,955.934926,1015.223961,1051.04916,1101.705511,1086.251021,1027.403566,1297.339932,1390.302366,1293.25888,1188.307111,1179.702469,1062.759447,950.5068264,1056.8429,1155.015375,..,..
Adjusted net national income per capita (current US$),NY.ADJ.NNTY.PC.CD,Liberia,LBR,..,..,..,..,..,..,..,..,..,..,..,..,..,..,..,..,..,..,..,..,255.2496814,232.8468618,224.1789447,172.4482206,214.8250509,225.6660485,257.0520165,296.505296,350.5678022,335.8800062,361.3531219,442.9241273,450.9216664,499.8153513,483.45391,486.4996319,470.1103186,444.9048682,434.8393432,..,..
Adjusted net national income per capita (current US$),NY.ADJ.NNTY.PC.CD,Libya,LBY,..,..,..,..,..,..,..,..,..,..,..,..,..,..,..,..,..,..,..,..,..,..,2755.421,3533.146604,4034.043735,5511.948542,6231.86491,7828.302637,9813.846016,7719.776803,8698.177932,4826.180026,9343.483485,8303.502701,5688.425263,4020.754566,3719.714243,5052.346648,6637.259103,..,..
Adjusted net national income per capita (current US$),NY.ADJ.NNTY.PC.CD,Liechtenstein,LIE,..,..,..,..,..,..,..,..,..,..,..,..,..,..,..,..,..,..,..,..,..,..,..,..,..,..,..,..,..,..,..,..,..,..,..,..,..,..,..,..,..
Adjusted net national income per capita (current US$),NY.ADJ.NNTY.PC.CD,Lithuania,LTU,..,..,..,..,..,..,..,..,..,..,..,..,..,..,..,1707.044558,1884.507411,2328.787919,2630.846863,2563.947244,2741.364294,2967.077026,3527.735112,4635.757275,5704.308914,6775.253891,7935.283237,10389.77609,12633.0777,10302.31777,10145.12599,12009.53835,11981.72525,13262.45241,14161.99505,11828.57469,12451.21751,14111.73542,16133.06036,..,..
Adjusted net national income per capita (current US$),NY.ADJ.NNTY.PC.CD,Luxembourg,LUX,12370.02223,10837.55791,11053.56019,11157.56638,10765.35161,11176.56952,15917.21244,19843.64884,21961.71965,22982.29763,29367.58248,31772.83712,34712.53774,34645.48416,36481.46912,43851.3593,43248.06262,39902.00101,39104.14278,41446.33227,37685.24075,37756.46004,39242.04978,46804.27799,61490.21511,66067.73043,64208.70515,81515.12449,82227.02194,56915.16366,63004.25537,66255.24597,61116.20869,62617.19921,65253.56929,54019.89577,54085.90629,56294.05349,60188.56698,..,..
Adjusted net national income per capita (current US$),NY.ADJ.NNTY.PC.CD,"Macao SAR, China",MAC,..,..,..,..,..,..,..,..,..,..,..,..,..,..,..,..,..,..,..,..,..,..,..,..,..,..,..,..,..,..,..,..,..,..,..,..,..,..,..,..,..
Adjusted net national income per capita (current US$),NY.ADJ.NNTY.PC.CD,Madagascar,MDG,583.9563446,512.7183491,500.4474593,474.8359634,380.3361752,361.4731879,402.1937287,282.6093924,271.3638928,260.3840399,317.8197725,251.032279,279.3274378,295.0430767,243.5435022,254.8817217,318.5428671,266.8780704,268.0456615,253.2059687,266.6565813,304.8057898,287.4673512,335.136745,258.414664,286.6895386,302.0186984,393.9565565,479.7203874,403.712208,402.6254401,452.5283381,432.7288879,448.752775,440.7430381,382.7968769,393.4952428,436.2144207,442.9580627,..,..
Adjusted net national income per capita (current US$),NY.ADJ.NNTY.PC.CD,Malawi,MWI,158.7782282,157.2691533,144.3506189,151.5540978,148.7355899,134.0238863,128.0348983,115.0590056,130.089087,142.0794961,164.6599318,193.4251166,153.5821998,180.2756229,89.8139773,104.0783759,186.0303443,218.9760128,129.9858943,132.1777598,125.4239912,118.6485976,250.6590349,216.5157659,233.4228223,236.0932698,243.7738315,262.7950496,305.6073139,332.6961952,367.333625,424.540709,296.723841,261.5725243,278.8080134,287.2216278,239.4250891,267.6377369,296.722223,..,..
Adjusted net national income per capita (current US$),NY.ADJ.NNTY.PC.CD,Malaysia,MYS,1381.743456,1407.283858,1468.005909,1543.721617,1662.99082,1436.988392,1256.478243,1417.484965,1568.673139,1649.768323,1817.293946,2062.513571,2411.548227,2668.09615,2888.207475,3335.114231,3616.226217,3431.681256,2276.590313,2384.56805,2763.350056,2715.102199,2952.955051,3218.780905,3584.426525,4073.483981,4599.525459,5493.66203,6302.841602,5509.739394,6765.462311,7881.385584,8064.735808,8239.993896,8430.819453,7434.877085,7361.464953,7628.481184,8180.051951,..,..
Adjusted net national income per capita (current US$),NY.ADJ.NNTY.PC.CD,Maldives,MDV,..,..,..,..,..,562.149805,561.5755624,536.1717517,697.1119234,731.2274562,796.1345035,843.6447994,956.8214729,1032.643554,1143.295386,1332.73003,1472.538289,1614.02183,1678.433222,1795.342835,1874.290284,2594.549058,2589.444553,2924.152879,3325.385419,3107.593722,4121.216272,4094.437974,5026.173462,5140.107332,5348.951451,5625.530022,5688.370432,6092.727066,6649.613537,7172.021819,7304.217891,7582.119817,8058.141463,..,..
Adjusted net national income per capita (current US$),NY.ADJ.NNTY.PC.CD,Mali,MLI,234.4766378,198.561531,168.4053701,159.9094641,149.2289221,167.2589427,219.9263387,244.8768696,247.7598087,248.4901762,297.3552799,296.6338324,301.4376209,293.905235,204.241118,258.7412738,259.1552038,242.1682081,255.6191686,297.6893744,246.2935465,270.3051469,281.0270897,339.1188944,378.8263286,428.6234845,456.0611486,513.1718617,568.7756515,559.5937275,566.8067654,660.974771,592.1121952,638.8429418,691.2930312,608.1397704,627.1353502,663.5912012,738.2317129,..,..
Adjusted net national income per capita (current US$),NY.ADJ.NNTY.PC.CD,Malta,MLT,..,..,..,..,..,..,..,..,..,..,..,..,..,..,..,..,..,..,..,..,..,..,..,..,..,..,..,..,..,..,..,..,..,..,..,..,..,..,..,..,..
Adjusted net national income per capita (current US$),NY.ADJ.NNTY.PC.CD,Marshall Islands,MHL,..,..,..,..,..,..,..,..,..,..,..,..,..,..,..,..,..,..,..,..,..,..,..,..,..,..,..,..,..,..,..,..,..,..,..,..,..,..,..,..,..
Adjusted net national income per capita (current US$),NY.ADJ.NNTY.PC.CD,Mauritania,MRT,605.0125277,607.9997313,588.0036824,597.7248484,541.9008557,480.7192941,551.2409209,615.6376746,636.8341749,638.0346645,642.0310163,903.0829476,892.5336655,738.6158434,757.8902875,784.5691028,817.2208988,774.3082558,728.517097,704.4350926,605.0853363,559.4870351,584.9634131,647.9974427,718.570769,835.6386593,952.3558106,964.205469,1117.753618,1154.276349,1232.405302,1423.729908,1339.552761,1416.236703,1249.350855,1206.043201,1245.268606,1259.712508,1345.691111,..,..
Adjusted net national income per capita (current US$),NY.ADJ.NNTY.PC.CD,Mauritius,MUS,1106.682713,1078.034902,1002.921489,1010.04263,953.3713067,978.6104285,1330.06799,1730.47204,1945.758097,1988.934542,2395.543297,2566.908713,2837.737037,2808.556375,2957.757956,3284.185805,3509.840947,3261.978745,3201.436994,3298.651096,3513.7323,3479.241921,3638.724081,4312.649482,4866.53995,4744.418973,5160.568964,6074.189646,7219.529229,6337.246311,6649.6465,7493.367729,7946.366808,8651.300081,9079.458886,8308.037388,8707.751223,9680.927129,10369.31365,..,..
Adjusted net national income per capita (current US$),NY.ADJ.NNTY.PC.CD,Mexico,MEX,2442.00686,3082.997277,1974.860609,1537.263708,1833.870984,1943.926646,1265.226726,1368.888459,1722.838846,2110.994932,2486.902252,3022.973904,3455.932318,4776.535365,4951.50904,3127.54982,3538.562256,4357.113324,4530.551732,5105.493439,5890.903708,6258.522135,6269.999703,5719.8652,6014.111215,6512.036567,7165.795662,7643.168888,7849.732536,6283.837963,7328.466611,7875.588671,7869.472495,8212.699419,8543.75311,7601.576181,6864.104915,7251.378142,7447.238923,..,..
Adjusted net national income per capita (current US$),NY.ADJ.NNTY.PC.CD,"Micronesia, Fed. Sts.",FSM,..,..,..,..,..,..,..,..,..,..,..,..,..,..,..,..,..,..,..,..,..,..,..,..,..,..,..,..,..,..,..,..,..,..,2968.577252,3217.104302,3264.030247,3470.356004,3369.085577,..,..
Adjusted net national income per capita (current US$),NY.ADJ.NNTY.PC.CD,Moldova,MDA,..,..,..,..,..,..,..,..,..,..,..,..,..,..,..,490.6897265,500.4253563,561.8442991,483.636381,318.5285624,357.7805935,441.679757,523.5187714,653.5669868,883.9651088,1032.616302,1166.018512,1476.541851,2068.686406,1797.922575,2397.219833,2930.414881,3110.128375,3382.545298,3302.630256,2548.604673,2684.996349,3279.110771,3876.121113,..,..
Adjusted net national income per capita (current US$),NY.ADJ.NNTY.PC.CD,Monaco,MCO,..,..,..,..,..,..,..,..,..,..,..,..,..,..,..,..,..,..,..,..,..,..,..,..,..,..,..,..,..,..,..,..,..,..,..,..,..,..,..,..,..
Adjusted net national income per capita (current US$),NY.ADJ.NNTY.PC.CD,Mongolia,MNG,..,1036.59967,1100.085382,1160.017494,859.040594,871.2788763,1170.813049,1173.297194,1175.395565,1170.242428,867.6597258,937.6140884,507.4398187,297.8222105,340.677086,532.2723723,513.5316315,433.5042097,419.9725137,396.5460983,401.8075272,442.4171042,483.1037792,547.5039831,654.207811,816.821151,1012.312593,1258.231766,1593.829647,1266.661479,1823.232134,2528.652259,3250.188538,3375.940778,2973.933333,2869.693735,2476.267084,2131.539387,2553.442333,..,..
Adjusted net national income per capita (current US$),NY.ADJ.NNTY.PC.CD,Montenegro,MNE,..,..,..,..,..,..,..,..,..,..,..,..,..,..,..,..,..,..,..,..,..,..,..,..,..,..,4083.476925,5315.144343,6592.563643,5822.386644,5845.288761,6564.564164,5883.138751,6412.072779,6480.322907,5810.611215,6097.751753,6883.590923,7717.759881,..,..
Adjusted net national income per capita (current US$),NY.ADJ.NNTY.PC.CD,Morocco,MAR,956.6858299,750.9042164,726.200126,650.3793553,581.5676932,562.9139397,735.8959466,801.0276501,907.4766991,921.4140672,1045.324376,1099.470234,1128.651774,1035.005461,1155.026538,1231.922217,1357.189146,1210.430486,1286.21385,1263.767365,1164.154918,1168.412466,1238.51573,1511.360069,1713.734227,1788.370599,1940.798303,2207.944649,2550.549198,2505.132696,2473.2887,2646.552543,2523.379174,2730.990599,2733.616422,2493.342864,2514.139623,2631.298443,2792.132642,..,..
Adjusted net national income per capita (current US$),NY.ADJ.NNTY.PC.CD,Mozambique,MOZ,..,..,..,..,..,..,..,..,..,..,..,245.8704849,163.4467108,164.4037046,161.26403,163.2504223,230.9742034,269.9331082,294.6888573,300.7449597,268.6344397,239.4487627,224.5441004,273.8024393,328.2563105,355.0222951,357.2052359,401.8469266,473.6625158,452.7950064,403.8042522,517.3014739,575.6338808,582.3530066,602.8346522,524.7627279,378.9998574,401.2317044,438.1105348,..,..
Adjusted net national income per capita (current US$),NY.ADJ.NNTY.PC.CD,Myanmar,MMR,..,..,..,..,..,..,..,..,..,..,..,..,..,..,..,..,..,..,..,..,185.2893848,131.7687877,136.8131556,209.409638,207.2990005,230.1482487,275.1770668,385.2607403,608.2371638,709.0709695,942.855518,1120.245977,1058.012719,1061.833104,1119.151304,1163.431102,1157.438049,1170.707368,1242.440203,..,..
Adjusted net national income per capita (current US$),NY.ADJ.NNTY.PC.CD,Namibia,NAM,..,..,..,..,..,..,..,..,..,..,1653.204065,1842.020924,2011.260065,1866.762862,2078.207813,2253.860453,2175.616156,2208.781698,2038.907355,1926.481114,1972.917766,1743.520265,1639.305398,2440.559145,3109.801282,3246.88743,3524.871925,3681.871833,3588.871469,3683.022719,4475.63948,4848.85317,5017.419234,4748.99532,4766.949547,4247.663588,3842.433642,4528.081471,4598.594065,..,..
Adjusted net national income per capita (current US$),NY.ADJ.NNTY.PC.CD,Nauru,NRU,..,..,..,..,..,..,..,..,..,..,..,..,..,..,..,..,..,..,..,..,..,..,..,..,..,..,..,..,..,..,..,..,..,..,..,..,..,..,..,..,..
Adjusted net national income per capita (current US$),NY.ADJ.NNTY.PC.CD,Nepal,NPL,121.2173461,139.5837182,143.1084005,143.2824573,150.4432462,147.4720632,156.3996498,158.0340964,186.0414006,185.1213357,185.3461525,195.6017717,164.4633152,172.3927819,187.3840483,196.2650892,198.769058,211.4632114,203.3314338,204.9773414,219.8663691,235.5126851,232.0489904,240.8165175,271.0752429,298.6127926,325.8630365,364.4354128,438.5067271,446.6284377,545.8033707,641.7120306,645.1647375,660.4210222,691.4900499,722.6716999,696.8229516,816.4937667,919.1069998,..,..
Adjusted net national income per capita (current US$),NY.ADJ.NNTY.PC.CD,Netherlands,NLD,11780.54718,9735.137618,9386.300472,9036.504408,8481.355574,8288.637314,11590.98012,14175.88727,14955.0932,14676.15918,17616.3966,18078.39872,19772.12285,19250.09109,20787.6852,24996.31086,24835.44778,22800.02497,23566.77512,24347.23195,22530.40219,22416.87424,24357.73021,30154.41052,33903.52323,34500.50122,37846.82154,43295.55163,46373.46959,42669.01796,41989.08912,45259.38347,41861.50698,43389.81535,43354.8462,37466.18226,37567.26557,40898.02311,44689.57407,..,..
Adjusted net national income per capita (current US$),NY.ADJ.NNTY.PC.CD,New Caledonia,NCL,..,..,..,..,..,..,..,..,..,..,..,..,..,..,..,..,..,..,..,..,..,..,..,..,..,..,..,..,..,..,..,..,..,..,..,..,..,..,..,..,..
Adjusted net national income per capita (current US$),NY.ADJ.NNTY.PC.CD,New Zealand,NZL,6063.787595,6358.355892,6185.628151,6109.065522,5300.397316,5911.998661,7470.855497,9829.478657,11175.60751,10771.90373,10975.73962,9455.284404,9133.791036,10137.28612,11964.64646,13746.76183,14601.66451,13829.73405,11853.37338,12157.86912,10753.1615,11091.77012,13574.67308,17817.96433,20422.01537,21993.11506,20920.92371,25400.59037,23851.3341,22405.57577,26686.79393,30788.02234,32199.83877,34994.29482,36233.13489,31554.1401,32914.74322,34385.17804,34056.90068,..,..
Adjusted net national income per capita (current US$),NY.ADJ.NNTY.PC.CD,Nicaragua,NIC,544.3607245,584.2242363,568.1038387,630.732451,706.6494633,591.6177926,654.5624434,883.9517505,502.269803,169.7875011,204.844728,228.7606974,250.6462089,253.9614315,659.7153471,716.0376171,748.5316333,759.5937307,809.401848,831.8933474,868.4414509,882.2219819,859.9495743,863.7559172,931.9580112,1020.42132,1062.292807,1157.435358,1304.223991,1251.558906,1276.670401,1402.710788,1484.262889,1523.491309,1633.033439,1747.373083,1780.63333,1837.02979,1725.358845,..,..
Adjusted net national income per capita (current US$),NY.ADJ.NNTY.PC.CD,Niger,NER,372.1170738,300.0411634,265.5239993,234.4557944,172.0764883,172.3179156,227.3472277,255.3528739,255.7674464,244.4458191,388.3010326,352.7605345,353.4419745,221.3606599,184.3396216,204.0841073,207.5966811,190.3749695,214.6789038,204.6722859,171.6093792,184.9785559,201.0488097,232.5136592,254.8757126,292.6179957,304.6155505,346.3952436,423.2822967,407.8724532,425.9745734,452.6738582,458.3257523,467.8355039,477.0337821,408.5941272,418.4296978,439.1855334,500.7170081,..,..
Adjusted net national income per capita (current US$),NY.ADJ.NNTY.PC.CD,Nigeria,NGA,609.9675322,1918.807196,1663.006706,1094.928726,781.2049194,745.6260829,550.5738708,491.4635985,477.1779205,358.1737206,419.9825348,400.1109144,365.3263933,182.0557108,237.8065664,312.6434694,351.2435321,377.1775998,386.461195,417.0232651,403.9840439,467.9759798,604.5673569,627.3037995,767.7899912,945.6340024,1353.97999,1512.166648,1771.920609,1549.652464,1813.416363,1899.738438,2120.232241,2372.360698,2645.570624,2292.48663,1812.02501,1584.678951,1586.948089,..,..
Adjusted net national income per capita (current US$),NY.ADJ.NNTY.PC.CD,North Macedonia,MKD,..,..,..,..,..,..,..,..,..,..,..,..,..,1021.454826,1382.100656,1843.967696,1835.452017,1555.284714,1497.896544,1528.209168,1486.813305,1460.60031,1565.32824,1880.415925,2153.54609,2354.971746,2614.791849,2860.470531,3648.510858,3540.497432,3450.378757,3922.018338,3628.361853,4048.666041,4270.683748,3814.133115,4054.461391,4204.953593,4653.82168,..,..
Adjusted net national income per capita (current US$),NY.ADJ.NNTY.PC.CD,Northern Mariana Islands,MNP,..,..,..,..,..,..,..,..,..,..,..,..,..,..,..,..,..,..,..,..,..,..,..,..,..,..,..,..,..,..,..,..,..,..,..,..,..,..,..,..,..
Adjusted net national income per capita (current US$),NY.ADJ.NNTY.PC.CD,Norway,NOR,12042.2674,12074.415,11976.34687,11489.69487,11502.77895,12230.40405,14923.43751,17531.09691,18529.30129,18015.2309,20672.41009,21623.36665,23265.11997,21143.76758,22451.89178,27005.00867,28479.0364,28520.74453,28034.43839,28499.08444,28175.03601,29802.97809,33442.88788,39298.38939,44815.05218,52560.85446,57444.44355,66199.68284,73395.01038,61980.95715,68533.039,77285.39317,78708.03138,81017.78581,78135.08226,61356.67076,58756.52742,61916.33199,66019.07294,..,..
Adjusted net national income per capita (current US$),NY.ADJ.NNTY.PC.CD,Oman,OMN,2556.816617,3371.299778,3842.110223,3560.682508,3892.424865,4043.079759,3122.420674,2822.171095,2972.193315,2916.42046,3194.89242,3745.494649,3878.369434,3717.321684,3800.420572,3904.994982,4001.575052,4312.460818,4090.679127,4198.674437,4512.883523,4917.161321,5287.995351,5563.613894,5968.590241,6776.653809,7051.190207,9306.245883,13137.45719,9677.680702,10435.56769,9507.71778,10653.58087,10568.19415,10631.95534,10692.57298,9947.353217,9921.765626,9239.206487,..,..
Adjusted net national income per capita (current US$),NY.ADJ.NNTY.PC.CD,Pakistan,PAK,301.6735764,347.9844813,366.475031,340.220895,352.1805426,335.3497497,332.193555,330.6098304,363.6021292,365.5346193,353.2142566,384.805159,392.5217146,405.2149825,396.0508835,449.0634582,449.1422211,427.7872264,413.7539394,407.9921534,511.939226,484.2508246,482.8460334,556.7260862,635.7511713,689.3771921,763.8512048,832.6501394,916.3467898,903.8794473,945.9683158,1125.505862,1167.646538,1183.807411,1235.301779,1354.500113,1369.726816,1456.277283,1468.730795,..,..
Adjusted net national income per capita (current US$),NY.ADJ.NNTY.PC.CD,Palau,PLW,..,..,..,..,..,..,..,..,..,..,..,..,..,..,..,..,..,..,..,..,..,..,..,..,..,..,..,..,..,..,..,..,..,..,..,..,..,..,..,..,..
Adjusted net national income per capita (current US$),NY.ADJ.NNTY.PC.CD,Panama,PAN,1898.697292,2064.341982,2357.024117,2511.722723,2445.735456,2628.824901,2533.598918,2808.821565,2255.742524,2167.593272,2320.208731,2419.362873,2784.624267,3009.156315,3183.004431,3117.224188,3186.654145,3301.301117,3510.638011,3537.256521,3576.311419,3538.724817,3746.010747,3758.457596,3992.54245,4230.136977,4573.055672,5406.410625,6338.081982,6791.098528,7025.856468,8352.030631,9470.713629,10553.52414,10967.04334,11872.71146,12327.18716,13189.00586,13259.60295,..,..
Adjusted net national income per capita (current US$),NY.ADJ.NNTY.PC.CD,Papua New Guinea,PNG,517.4787285,509.1618803,465.4111296,487.8750319,511.495941,445.7498936,482.6764376,531.1691103,606.2777987,581.9516035,519.3305407,595.4019599,606.8002489,644.2856301,729.3278507,573.7014009,633.2573149,674.8395209,511.5541748,424.3455479,406.2551446,349.792052,330.3102566,364.4613477,380.2957992,477.092888,782.9020073,965.483145,1122.039642,1126.653534,1313.994242,1582.946264,2064.981758,2034.807514,2299.575734,2098.874095,1992.148184,2092.957725,2028.052531,..,..
Adjusted net national income per capita (current US$),NY.ADJ.NNTY.PC.CD,Paraguay,PRY,..,..,..,..,..,..,..,..,..,..,..,..,..,..,..,1512.053098,1696.789683,1620.301236,1476.170976,1363.925133,1260.438679,1208.378672,1051.104342,1009.117182,1269.029985,1388.93818,1755.054608,2399.803934,3266.614228,2878.847113,3425.934705,4248.274745,4059.559117,4673.062089,4834.209311,4258.731756,4171.076262,4490.125729,4569.915308,..,..
Adjusted net national income per capita (current US$),NY.ADJ.NNTY.PC.CD,Peru,PER,797.175557,998.0343064,999.2561541,736.6765145,723.7065605,670.4613747,624.9380751,836.3092018,541.9474867,801.4242893,969.2806362,1354.334804,1395.049868,1328.182422,1677.437523,1935.844225,1982.596207,2052.519059,1943.849491,1709.872399,1714.401173,1719.290514,1787.07149,1881.188014,2055.829458,2270.788025,2424.089676,2796.645995,3381.27704,3429.253803,4090.605877,4670.832245,5295.329908,5590.958546,5571.373522,5214.35251,5080.428087,5389.069538,5520.049002,..,..
Adjusted net national income per capita (current US$),NY.ADJ.NNTY.PC.CD,Philippines,PHL,607.8490476,658.1563849,657.1524018,566.7286363,503.5938326,477.9199531,451.2191234,494.423922,558.5760866,615.4427914,640.8489845,649.5050467,751.4616315,751.7904693,875.9832244,990.800536,1096.226112,1088.406837,1014.745373,1141.04042,1081.609123,995.2402264,1037.964179,1045.678591,1089.066119,1213.557747,1400.031237,1642.393194,1921.008709,1885.505475,2171.579605,2374.446688,2669.849297,2878.395616,2944.046953,3021.670793,3106.837156,3157.308526,3246.381629,..,..
Adjusted net national income per capita (current US$),NY.ADJ.NNTY.PC.CD,Poland,POL,..,..,..,..,..,..,..,..,..,..,979.4660407,1310.886134,1527.23208,1757.082411,2282.258923,3086.249505,3502.053176,3494.514496,3840.415812,3739.425672,3839.037772,4241.153069,4418.690514,4797.953918,5523.860232,6768.643731,7588.164112,9426.110411,11965.20988,9821.245459,10711.73688,11860.36635,11221.12128,11742.30289,12169.2254,10658.23183,10414.58498,11642.34937,12954.12655,..,..
Adjusted net national income per capita (current US$),NY.ADJ.NNTY.PC.CD,Portugal,PRT,2792.035956,2658.741551,2455.467117,2193.012428,1996.270411,2161.000636,3162.954648,3984.646105,4707.289388,5118.917446,6737.497412,7716.091165,9415.493788,8283.815146,8613.337889,10063.66346,10399.66299,9826.08886,10372.10505,10597.45574,9574.516289,9724.144296,10674.6581,13107.88982,14929.12017,15503.51646,16065.48563,18494.53277,19897.01259,18370.79993,17945.19749,18707.34112,16373.31368,17578.5376,17751.7818,15394.75639,16046.07227,17264.30127,18783.98041,..,..
Adjusted net national income per capita (current US$),NY.ADJ.NNTY.PC.CD,Puerto Rico,PRI,..,..,..,..,..,..,..,..,..,..,..,..,..,..,..,..,..,..,..,..,..,..,..,..,..,..,..,..,..,..,..,..,..,..,..,..,..,..,..,..,..
Adjusted net national income per capita (current US$),NY.ADJ.NNTY.PC.CD,Qatar,QAT,16282.43571,21827.12077,20113.02025,15288.95965,12021.25026,12293.77728,10892.92678,10188.60275,10278.7889,9187.738181,9637.495054,10310.61057,10903.03949,10150.09394,10623.27507,11285.56064,11146.45525,14158.64091,11462.76344,13027.1613,14975.7295,19942.44909,22299.62095,26078.73162,28444.32464,30363.42617,38174.71755,42647.14169,50730.45837,37135.7152,42001.32959,50936.0285,55283.12611,57247.29134,58398.77826,48011.15291,45001.81923,47807.94203,51536.27172,..,..
Adjusted net national income per capita (current US$),NY.ADJ.NNTY.PC.CD,Romania,ROU,..,..,..,..,..,..,..,..,..,1288.102388,1178.915284,911.9969607,798.0885722,831.8153237,955.2588053,1185.924731,1165.650957,1162.144447,1419.834674,1225.352541,1282.509333,1409.058662,1587.096996,1994.490362,2612.625569,3590.152291,4523.285116,6738.994639,8556.097631,6979.995816,6604.568283,7149.299417,6690.716365,7550.263139,8056.253588,7231.649365,7681.166723,8556.190344,9716.217175,..,..
Adjusted net national income per capita (current US$),NY.ADJ.NNTY.PC.CD,Russian Federation,RUS,..,..,..,..,..,..,..,..,..,..,..,..,1712.502021,1556.951804,1352.64505,1300.127774,1576.392655,1727.428354,1177.635888,959.6331993,1277.903439,1566.753804,1783.043495,2209.397904,3136.983873,4060.590399,5322.945866,7230.321169,9096.746511,6679.046482,8407.942897,11266.57236,12127.9637,12562.40468,11059.51548,7454.900685,7010.879684,8553.252171,8573.213382,..,..
Adjusted net national income per capita (current US$),NY.ADJ.NNTY.PC.CD,Rwanda,RWA,211.0229714,241.3878229,226.3592702,237.023176,244.4700729,253.1211785,267.3642486,282.7699259,299.2787182,289.1586575,305.4459892,230.2068545,259.3391097,271.027118,91.46519615,172.9708704,177.6524303,227.7823444,226.0851049,199.414623,183.2687052,168.9401023,163.7045618,169.1905969,194.1881743,240.3896894,308.2619347,364.6000299,435.7350569,468.8286405,497.6050266,544.8922181,588.5290076,580.0243506,590.166058,594.6605133,586.6092906,595.3084359,613.6103839,..,..
Adjusted net national income per capita (current US$),NY.ADJ.NNTY.PC.CD,Samoa,WSM,..,..,523.7330345,484.1478894,425.4950996,362.3766695,387.3511927,438.8701032,486.0638116,442.888791,464.2625049,454.7821753,..,..,..,..,..,..,..,..,..,..,1320.197029,1527.60028,1891.171174,2063.255354,2244.938789,2555.150297,2755.440605,2642.136689,3032.989691,3342.068145,3441.79726,3457.372898,3359.347319,3531.440469,3551.927142,3655.921258,3569.485239,..,..
Adjusted net national income per capita (current US$),NY.ADJ.NNTY.PC.CD,San Marino,SMR,..,..,..,..,..,..,..,..,..,..,..,..,..,..,..,..,..,..,..,..,..,..,..,..,..,..,..,..,..,..,..,..,..,..,..,..,..,..,..,..,..
Adjusted net national income per capita (current US$),NY.ADJ.NNTY.PC.CD,Sao Tome and Principe,STP,..,..,..,..,..,..,..,..,..,..,..,..,..,..,..,..,..,..,..,..,..,448.8207763,493.7303671,590.6152129,649.5451642,763.357938,816.433161,828.163764,961.9544989,887.1997797,851.8660932,873.3153672,817.6377141,1028.081001,1180.016129,997.7077225,1158.061948,1218.845341,1384.699748,..,..
Adjusted net national income per capita (current US$),NY.ADJ.NNTY.PC.CD,Saudi Arabia,SAU,9951.241396,11766.27741,11308.86907,9502.477252,8199.970534,7267.903319,5893.589583,5460.552172,5502.631133,5561.040875,5889.07537,6490.896283,6633.942516,6300.40603,6123.16596,6339.414147,6570.958188,6876.637155,6134.092459,6670.638815,7222.902072,7035.224458,7159.775512,7574.065365,8595.56427,10518.02775,11769.70963,12905.70174,15287.55595,13360.43507,15775.55115,18570.37542,19716.72166,19474.99999,19451.42694,16862.71306,16349.04035,17074.09234,18798.76334,..,..
Adjusted net national income per capita (current US$),NY.ADJ.NNTY.PC.CD,Senegal,SEN,725.2883472,636.3362244,613.5117777,535.7566513,506.6560825,543.6835228,751.4378575,877.3003686,838.4199435,800.3759685,906.5089617,859.1350096,894.7966012,804.2366594,524.049092,632.861804,641.0541188,568.684259,598.4190784,594.9359005,528.2376684,543.2700814,577.2270233,728.7313626,834.9484143,882.7150724,923.9883736,1089.187831,1264.508355,1165.52186,1135.66735,1198.031342,1151.130348,1191.012308,1211.158163,1047.26952,1072.095904,1147.81844,1231.010515,..,..
Adjusted net national income per capita (current US$),NY.ADJ.NNTY.PC.CD,Serbia,SRB,..,..,..,..,..,..,..,..,..,..,..,..,..,..,..,..,..,..,..,..,..,..,..,..,..,..,3647.640983,4784.129302,5769.078686,5070.406131,4680.321228,5563.808728,4852.045537,5402.959168,5296.561112,4431.569382,4506.580767,4863.342306,5708.818777,..,..
Adjusted net national income per capita (current US$),NY.ADJ.NNTY.PC.CD,Seychelles,SYC,..,..,..,..,..,..,..,..,..,..,4669.608004,4573.331904,5495.216482,5863.297247,5935.387232,5901.930466,5748.639612,6331.80453,6574.5666,6525.74973,6307.967846,6583.603088,6563.00339,7061.687577,9155.96946,9886.75706,10688.68605,9901.107748,8953.836554,7997.672649,9045.32814,9371.696141,9928.525532,12286.87204,12019.81157,12013.59912,12037.97335,12684.34037,13472.34264,..,..
Adjusted net national income per capita (current US$),NY.ADJ.NNTY.PC.CD,Sierra Leone,SLE,260.7595742,261.2223355,294.5889661,221.5165068,244.8427666,189.4688447,86.87850705,136.2128164,203.6853207,173.3067997,103.5430258,134.1990889,109.5310442,141.1058175,154.2955725,148.8110571,168.8163876,151.6306269,105.7345777,117.4209995,108.1775691,193.4694005,212.4948571,213.9575252,217.8009931,243.3145528,273.9710089,321.3060845,375.5014145,360.2070373,346.7870524,375.2203278,489.0381402,569.3970635,571.9616014,494.2022597,361.4454255,401.3115692,435.3973517,..,..
Adjusted net national income per capita (current US$),NY.ADJ.NNTY.PC.CD,Singapore,SGP,4051.835939,4540.603185,4935.687445,5526.766323,6175.607956,5976.147217,5668.111532,6108.676488,7424.709316,8799.928606,10072.93126,12254.62564,13817.75546,15326.37642,18712.79896,21962.44154,22830.81859,23628.48393,19015.84972,18783.25713,20369.37616,18218.97401,18238.09227,19275.74555,21782.01733,23860.49831,28116.12343,33181.90243,32782.17108,31086.345,40436.71238,45068.06104,45802.42467,46313.15917,47717.70714,43968.45318,45119.18075,47736.87514,50176.23693,..,..
Adjusted net national income per capita (current US$),NY.ADJ.NNTY.PC.CD,Sint Maarten (Dutch part),SXM,..,..,..,..,..,..,..,..,..,..,..,..,..,..,..,..,..,..,..,..,..,..,..,..,..,..,..,..,..,..,..,..,..,..,..,..,..,..,..,..,..
Adjusted net national income per capita (current US$),NY.ADJ.NNTY.PC.CD,Slovak Republic,SVK,..,..,..,..,..,..,..,..,..,..,..,..,..,..,..,3775.18431,4088.21686,4015.406471,4334.489893,4351.656742,4183.400648,4453.380862,5066.096135,6383.420942,8023.87466,8978.699945,10241.17637,12737.17712,14987.24212,13125.1238,13091.5505,14071.12633,13646.79968,14309.39473,14602.14313,12650.86393,12782.56807,13737.43722,15123.37437,..,..
Adjusted net national income per capita (current US$),NY.ADJ.NNTY.PC.CD,Slovenia,SVN,..,..,..,..,..,..,..,..,..,..,..,..,..,..,..,8884.864267,8836.228912,8524.869103,9070.671338,9356.824845,8168.653532,8445.569641,9467.490144,11932.399,13751.82119,14498.22804,15765.11312,18970.00629,21826.01185,19485.49592,18508.73132,19718.60891,17513.69467,18213.64569,18975.91372,15940.7849,16733.05438,18544.84955,20700.64908,..,..
Adjusted net national income per capita (current US$),NY.ADJ.NNTY.PC.CD,Solomon Islands,SLB,420.0166725,452.260378,472.9631426,424.2354489,582.0931532,507.6782536,431.4957785,505.9787558,637.6987923,666.1323444,594.097585,645.6145643,672.9180795,644.7629199,695.1121772,720.0553438,716.8201904,1311.872575,1053.874722,1053.946188,947.4260545,847.0103678,691.0927257,632.5441307,703.6148526,736.674453,767.8386691,705.9376016,692.5010879,589.7980756,615.1651127,762.132771,1107.21892,1306.708885,1272.923889,1346.946164,1389.479254,1385.756302,1468.713035,..,..
Adjusted net national income per capita (current US$),NY.ADJ.NNTY.PC.CD,Somalia,SOM,..,..,..,..,..,..,..,..,..,..,..,..,..,..,..,..,..,..,..,..,..,..,..,..,..,..,..,..,..,..,..,..,..,..,..,..,..,..,..,..,..
Adjusted net national income per capita (current US$),NY.ADJ.NNTY.PC.CD,South Africa,ZAF,2148.971871,2178.268122,1923.716412,2100.078862,1877.185829,1315.72293,1468.678056,1942.473628,2063.053781,2113.514089,2429.81658,2614.455446,2823.273562,2790.955418,2844.903986,3102.709035,2892.283022,2953.251597,2615.352959,2555.917548,2511.379562,2169.250563,2063.178061,3099.307171,4005.285525,4488.515748,4632.013902,4898.660458,4410.187365,4738.759732,5888.868801,6382.082612,6007.801506,5447.084784,5167.744959,4673.210034,4251.408416,4957.25351,5117.291609,..,..
Adjusted net national income per capita (current US$),NY.ADJ.NNTY.PC.CD,South Sudan,SSD,..,..,..,..,..,..,..,..,..,..,..,..,..,..,..,..,..,..,..,..,..,..,..,..,..,..,..,..,..,..,..,..,1044.655273,1441.844447,896.124384,843.3331019,..,..,..,..,..
Adjusted net national income per capita (current US$),NY.ADJ.NNTY.PC.CD,Spain,ESP,5365.850341,4573.787204,4379.402369,3770.218784,3773.89625,3983.616971,5586.811566,7101.975565,8351.308715,9260.312855,11991.74668,12891.39606,14017.92063,11587.13787,11478.00598,13449.3088,13900.68211,12724.53096,13324.19352,13613.35621,12746.64412,13202.6539,14656.75681,18506.77614,21336.21789,22501.11022,24009.6262,27342.22344,29476.15661,26731.1252,25459.59934,26176.19557,23565.6385,24227.55297,24650.84332,21692.52482,22456.78993,23805.01873,25698.33915,..,..
Adjusted net national income per capita (current US$),NY.ADJ.NNTY.PC.CD,Sri Lanka,LKA,252.0607368,270.3665992,291.8258497,308.7197651,350.0127173,350.1875159,370.5467125,380.4338734,393.6761097,388.3890127,440.4813785,484.0165122,519.4002059,547.8152256,610.121159,667.4262683,706.1038161,765.6637111,784.9644809,771.7014989,799.7309368,773.3775049,809.2016548,922.3257896,994.7135229,1160.703236,1328.080081,1512.74647,1862.323519,1943.30675,2597.01846,2960.320904,3071.103051,3273.531022,3451.288059,3477.690488,3511.201213,3669.755436,3670.759365,..,..
Adjusted net national income per capita (current US$),NY.ADJ.NNTY.PC.CD,St. Kitts and Nevis,KNA,..,..,..,..,..,..,..,..,..,..,..,..,..,..,..,..,..,..,..,..,..,..,..,..,..,..,..,..,..,..,..,..,..,..,..,..,..,..,..,..,..
Adjusted net national income per capita (current US$),NY.ADJ.NNTY.PC.CD,St. Lucia,LCA,1187.019102,1334.545818,1228.341042,1308.169131,1656.370064,1820.732752,2152.643743,2312.189707,2561.766593,2860.225407,3174.743321,3301.765822,3630.849735,3587.823279,3700.079254,3843.648602,3972.684637,3992.042202,4279.046922,4457.277975,4492.127441,4185.305869,4247.023562,4555.987231,4784.16815,5082.000524,6269.789035,6478.507774,6875.295117,6772.979555,7152.814708,7629.94699,7640.297528,7913.813076,7941.758356,7948.326063,8412.049425,9048.482768,9254.088683,..,..
Adjusted net national income per capita (current US$),NY.ADJ.NNTY.PC.CD,St. Martin (French part),MAF,..,..,..,..,..,..,..,..,..,..,..,..,..,..,..,..,..,..,..,..,..,..,..,..,..,..,..,..,..,..,..,..,..,..,..,..,..,..,..,..,..
Adjusted net national income per capita (current US$),NY.ADJ.NNTY.PC.CD,St. Vincent and the Grenadines,VCT,725.7314622,895.5590343,969.7695613,1041.615136,1138.84867,1210.957069,1274.212089,1425.593427,1556.91544,1703.53797,1866.695378,1971.022831,2186.3286,2247.050148,2244.19386,2436.954553,2580.123453,2673.92032,2873.218502,2966.241061,3028.571357,3337.470126,3557.897289,3640.552858,3890.547894,4141.422231,4644.535375,5265.526305,5362.597935,5301.934955,5360.352503,5316.74749,5533.510891,5753.412506,5559.782652,5869.657509,6115.218231,6224.456982,6324.030273,..,..
Adjusted net national income per capita (current US$),NY.ADJ.NNTY.PC.CD,Sudan,SDN,..,..,..,..,..,..,..,..,..,..,..,..,..,..,..,..,..,..,..,..,..,..,..,..,..,..,..,..,..,..,..,1278.131125,1538.141953,1004.715331,1746.489282,2043.862457,1942.133874,2479.861631,764.3608071,..,..
Adjusted net national income per capita (current US$),NY.ADJ.NNTY.PC.CD,Suriname,SUR,1885.849438,2198.939396,2253.231368,2117.763988,2080.261742,2039.169649,2068.173429,2210.351116,2610.161889,1154.59535,780.6879863,890.3763819,773.4405361,803.133403,1179.868991,1374.42892,1641.437665,1697.235258,2055.289076,1540.633128,1525.911895,1193.020237,1785.297425,2107.933465,2352.007593,2842.590095,4147.65266,4677.623488,5293.554427,5985.357626,5602.035599,4557.858859,5299.288594,6092.301326,6636.381403,6467.02509,3430.509945,3002.38855,3262.767445,..,..
Adjusted net national income per capita (current US$),NY.ADJ.NNTY.PC.CD,Sweden,SWE,14662.67109,13258.77883,11578.44987,10569.90245,11036.38583,11494.73284,15254.51046,18571.84201,20825.99339,21668.3714,25646.2282,26515.13,26860.41665,19685.47495,21599.93586,25332.52822,27521.75393,25225.70963,25526.20848,25956.59801,24815.39042,22666.45247,24871.23292,31691.69649,35985.98298,36763.52559,40043.5211,46386.49624,48492.52958,39494.68271,45157.24711,51553.49256,49157.49408,51720.66766,50800.58947,43145.72854,43554.14924,45489.87554,46113.93312,..,..
Adjusted net national income per capita (current US$),NY.ADJ.NNTY.PC.CD,Switzerland,CHE,16094.35201,14790.21062,14879.5793,14752.02911,14188.76543,14199.71597,19991.52358,24581.28262,26428.08635,24838.40361,31007.71392,30894.10396,31619.06911,30809.40155,33702.88675,39938.74727,38622.70555,34274.13081,35378.13503,34693.1639,32746.58673,32046.10855,33659.29838,40905.16438,45327.11394,48046.73811,50118.77497,51180.54989,53001.68915,56383.76043,63545.95388,71179.03765,68123.4823,69084.89073,68813.55137,67085.39942,64061.59168,64629.75975,65569.26598,..,..
Adjusted net national income per capita (current US$),NY.ADJ.NNTY.PC.CD,Syrian Arab Republic,SYR,1198.088032,1448.348993,1516.011018,1583.266379,1526.592872,1416.103409,1135.571163,864.2644892,780.0482749,608.102368,692.6323488,784.9376864,777.6015921,783.4372061,542.9230447,590.4984155,679.5701971,689.3517733,791.9479162,746.5861015,819.0319169,940.9768406,917.1515229,891.0244585,1094.134482,1173.648603,1325.407778,1604.335171,..,..,..,..,..,..,..,..,..,..,..,..,..
Adjusted net national income per capita (current US$),NY.ADJ.NNTY.PC.CD,Tajikistan,TJK,..,..,..,..,..,..,..,..,..,..,..,..,..,..,..,..,..,..,..,..,..,..,..,..,246.0605554,317.0026085,446.6162242,623.2782967,851.3945387,753.6179811,780.0363998,896.233672,1048.885112,1137.149693,1186.240827,972.9586368,844.8303188,869.845951,878.3127761,..,..
Adjusted net national income per capita (current US$),NY.ADJ.NNTY.PC.CD,Tanzania,TZA,..,..,..,..,..,..,..,..,209.7587488,174.2340134,162.9061167,184.3448294,162.9847752,147.0187036,137.9620935,157.9061874,193.6842519,222.4896537,346.6494155,353.8028091,360.9450218,350.4190165,362.8682321,379.8840921,404.5474244,429.9516655,433.8741634,487.6003217,604.5309421,610.7076645,647.0065904,677.5496315,720.2806572,808.6366146,873.5426807,792.0985269,801.6589953,818.0284678,848.1282391,..,..
Adjusted net national income per capita (current US$),NY.ADJ.NNTY.PC.CD,Thailand,THA,607.843481,639.8902861,656.6275255,709.0366185,719.9707007,649.5636083,701.5786156,812.5770705,980.5095019,1136.178628,1302.52765,1480.330275,1651.87317,1899.666005,2130.270041,2416.50728,2544.938141,1993.224338,1422.650896,1606.178666,1582.237536,1467.701363,1651.112469,1859.704715,2110.490359,2271.20708,2666.897404,3177.868265,3421.607887,3321.198979,3996.947355,4363.047415,4504.091422,4622.231515,4492.260091,4432.937981,4603.329433,5084.378992,5548.396827,..,..
Adjusted net national income per capita (current US$),NY.ADJ.NNTY.PC.CD,Timor-Leste,TLS,..,..,..,..,..,..,..,..,..,..,..,..,..,..,..,..,..,..,..,..,..,..,..,671.2212769,..,..,..,..,..,..,..,..,..,..,..,..,1170.778694,1134.859679,1370.950974,..,..
Adjusted net national income per capita (current US$),NY.ADJ.NNTY.PC.CD,Togo,TGO,340.5778224,267.9360631,208.4681597,190.6060193,175.3273913,187.2381341,257.1965371,297.7409428,324.9658191,311.5398238,371.3503982,353.190447,368.4987731,254.7619922,186.0956022,244.1357705,279.0053067,279.7977138,286.704433,284.3227003,259.6626969,252.5185785,283.6989927,335.350568,359.8531314,353.2201557,366.5071266,383.8753914,436.4949091,420.68082,415.6201222,447.5368639,367.3541871,428.3942993,460.5240829,426.7796061,434.0734677,456.3064829,522.716713,..,..
Adjusted net national income per capita (current US$),NY.ADJ.NNTY.PC.CD,Tonga,TON,..,664.0335854,655.9838215,627.4512127,664.2454613,624.0317204,715.4271255,842.9921904,1129.220078,1088.965752,1140.653596,1319.70485,1355.269577,1364.980142,1964.914854,1970.75385,2142.346736,2069.813603,1859.94307,1876.953152,1882.809668,1675.234123,1727.244723,1885.956259,2124.646551,2382.325065,2707.156373,2758.033883,3172.334717,2896.007959,3347.932158,3834.195046,4321.305563,4156.847359,4045.694883,3982.887122,3635.693108,3909.940981,4040.009008,..,..
Adjusted net national income per capita (current US$),NY.ADJ.NNTY.PC.CD,Trinidad and Tobago,TTO,3589.405359,4189.114161,5972.653846,5429.779381,5167.641672,4675.235718,3080.208222,2712.32292,2715.403208,2338.671481,2740.767973,3088.329016,3144.247119,2719.11408,2879.32226,3193.352016,3199.268263,3378.490594,3773.781235,4038.373307,4554.366907,5227.363676,5282.356902,6301.54053,7933.534439,8726.928817,9586.989464,11837.17641,15750.63194,10603.75547,12311.97983,12346.28952,12919.79392,14404.69887,14977.70963,15237.9251,13587.98837,13569.66901,13268.49251,..,..
Adjusted net national income per capita (current US$),NY.ADJ.NNTY.PC.CD,Tunisia,TUN,1095.99866,1044.101328,987.9041225,979.8489528,926.5269095,907.6160496,966.8647347,1007.451209,1043.343097,1018.695771,1242.439751,1270.323142,1353.302337,1229.418239,1311.021599,1508.653141,1603.656957,1709.452732,1796.263694,1869.960037,1713.447587,1785.247882,1846.624033,2200.247355,2470.486939,2467.856314,2611.839667,2846.833086,3124.401212,3104.969571,3150.968242,3191.454452,3117.59895,3192.644125,3305.075674,3007.753575,2908.272166,2735.639698,2674.351799,..,..
Adjusted net national income per capita (current US$),NY.ADJ.NNTY.PC.CD,Turkey,TUR,1312.434092,1320.227129,1170.75017,1093.018343,1038.54261,1142.314416,1261.112797,1398.822112,1416.404865,1669.422272,2340.845013,2282.620515,2377.379516,2678.575633,1860.617317,2407.26955,2550.070282,2634.420516,3766.953226,3401.142976,3591.199333,2483.16117,3001.071304,3938.162317,5079.900812,6266.613098,6791.887585,8207.301641,9078.972271,7452.412247,8960.08335,9573.317314,9886.610357,10612.44112,10203.38988,9203.920161,8919.908578,8710.928989,7644.555961,..,..
Adjusted net national income per capita (current US$),NY.ADJ.NNTY.PC.CD,Turkmenistan,TKM,..,..,..,..,..,..,..,..,..,..,..,..,..,..,..,..,..,..,501.6033144,407.9501477,268.7060995,332.05383,492.6832351,680.1339309,794.741447,790.7478947,951.0753698,1212.42829,2095.036932,2801.716483,2909.276176,3394.660822,..,..,..,..,..,..,..,..,..
Adjusted net national income per capita (current US$),NY.ADJ.NNTY.PC.CD,Turks and Caicos Islands,TCA,..,..,..,..,..,..,..,..,..,..,..,..,..,..,..,..,..,..,..,..,..,..,..,..,..,..,..,..,..,..,..,..,..,..,21336.22415,22774.93368,23855.90861,23286.58862,24000.9585,..,..
Adjusted net national income per capita (current US$),NY.ADJ.NNTY.PC.CD,Tuvalu,TUV,..,..,..,..,..,..,..,..,..,..,..,..,..,..,..,..,..,..,..,..,..,..,..,..,..,..,..,..,..,..,..,..,..,..,..,..,..,..,..,..,..
Adjusted net national income per capita (current US$),NY.ADJ.NNTY.PC.CD,Uganda,UGA,47.03644524,57.44080303,100.8454433,118.1964437,208.63625,202.0019191,208.9452393,343.7762273,341.9827698,259.2019328,189.6076035,132.6685653,101.5994333,123.3344692,151.6485345,211.3482514,217.3699474,225.1469676,230.6697218,214.6213074,211.955278,189.7195132,192.2974913,172.7436532,226.4027383,251.5464392,271.3663698,314.3296785,342.7823593,633.035641,648.6605431,634.9294438,569.4693137,575.575971,620.832454,589.2121565,485.6980475,495.5193402,532.9669808,..,..
Adjusted net national income per capita (current US$),NY.ADJ.NNTY.PC.CD,Ukraine,UKR,..,..,..,..,..,..,..,..,..,..,..,..,..,..,..,735.4935848,686.7333035,786.8069937,659.2852663,493.7903254,497.1364427,618.9686713,701.4432698,833.6258027,1104.363833,1507.776163,1898.118804,2558.417137,3290.406458,2052.706097,2424.195447,2909.092189,3226.535638,3352.420552,2632.282273,1819.242229,1859.470896,2235.817386,2619.905125,..,..
Adjusted net national income per capita (current US$),NY.ADJ.NNTY.PC.CD,United Arab Emirates,ARE,..,..,..,..,..,..,..,..,..,..,..,..,..,..,..,..,..,..,..,..,30657.80533,29126.99719,28209.13032,29588.91534,32194.47956,33302.22895,35909.78428,36674.86428,37371.6263,27381.56843,30503.69937,34542.80731,36045.70251,37912.0899,39307.64382,35639.44113,35478.94624,37696.02034,39977.69156,..,..
Adjusted net national income per capita (current US$),NY.ADJ.NNTY.PC.CD,United Kingdom,GBR,8779.910558,8298.397243,7957.52268,7582.908169,7129.838273,7456.157384,9363.812632,11469.98159,14010.06672,14048.12871,16307.74377,17062.12218,17866.88853,16082.7602,17641.49529,19202.04875,20185.40667,22723.25363,24692.85579,24716.74545,24284.58263,23981.61836,26163.56805,29996.80465,35075.35546,36694.64953,38315.21547,43161.69256,39715.40765,32389.22159,33417.48164,35730.86259,35528.63026,36035.21909,39476.90071,37385.56402,34098.89757,33877.20545,35825.11227,..,..
Adjusted net national income per capita (current US$),NY.ADJ.NNTY.PC.CD,United States,USA,10140.76541,11451.40851,12039.05877,12768.50198,14268.77218,15158.36611,15844.56738,16736.25385,18148.5757,19122.70052,19887.73596,20270.96843,21188.71195,21893.66676,23109.32265,24112.6946,25335.07909,26827.5024,28295.38428,29596.31234,31215.34037,31896.6726,32543.67852,33629.55835,35553.45486,37570.57061,39758.75192,40523.92467,40068.15411,39044.64034,41003.0797,42635.9254,44736.34149,45675.52395,47714.87786,49199.66285,49634.98477,51309.04081,53497.29227,..,..
Adjusted net national income per capita (current US$),NY.ADJ.NNTY.PC.CD,Uruguay,URY,3166.509956,3548.543484,2887.45258,1550.547933,1443.690036,1407.97656,1813.155413,2300.338969,2546.947274,2588.317755,2843.975377,3459.936867,3992.107409,4627.688564,5339.665826,5826.530176,6159.21534,7161.487538,7511.853391,7040.444048,6635.057057,6038.129727,3932.018159,3324.790286,3783.702909,4882.926553,5512.884233,6567.156487,8380.891755,8620.65864,10825.7686,12881.97469,13050.57074,14815.0763,14393.65297,13381.08686,13039.55896,14467.43992,14118.83195,..,..
Adjusted net national income per capita (current US$),NY.ADJ.NNTY.PC.CD,Uzbekistan,UZB,..,..,..,..,..,..,..,..,..,..,..,..,..,..,..,..,..,..,568.9934196,639.2010433,452.8333881,343.9320675,297.9433653,303.7392306,368.1394668,438.4889416,478.4844897,666.68264,864.3099402,999.6954879,1376.926562,1581.132942,1772.438955,1913.040232,2204.908674,2398.141986,2359.165288,1643.3284,1311.167252,..,..
Adjusted net national income per capita (current US$),NY.ADJ.NNTY.PC.CD,Vanuatu,VUT,749.6893918,625.9440773,613.7964957,714.9753866,866.3414042,862.0970928,818.35434,754.9603199,910.0674694,929.3012022,1009.568735,1030.074114,1008.790223,1027.278265,1040.987981,1157.454043,1151.171985,1164.819696,1286.508658,1310.821774,1257.266387,1215.193275,1171.254896,1355.097209,1524.646786,1580.446892,1761.802578,2042.108874,2450.089043,2299.683416,2552.36752,2836.294347,2650.431198,2812.975458,2818.18554,2548.079651,2610.439935,2755.740802,2834.920264,..,..
Adjusted net national income per capita (current US$),NY.ADJ.NNTY.PC.CD,"Venezuela, RB",VEN,2773.657306,3307.818258,3492.276111,3263.45419,2871.534146,3048.788718,2973.688135,2253.894299,2808.51948,1874.517269,2072.118541,2322.877725,2516.88205,2439.85634,2321.859341,3072.351089,2671.955948,3200.557643,3459.841363,3656.675591,4197.475147,4393.279809,3137.485272,2760.536575,3608.572914,4664.451934,5934.583694,7519.850428,10457.57115,10819.06629,12719.25271,9832.474897,11702.11184,11159.31714,14788.6602,..,..,..,..,..,..
Adjusted net national income per capita (current US$),NY.ADJ.NNTY.PC.CD,Vietnam,VNM,..,..,..,..,..,..,..,..,..,85.43671103,76.86640916,116.5200611,116.6356186,154.8556835,191.0512649,241.0982278,281.2324122,303.3590085,306.3016685,318.0466061,361.0107517,378.3203276,403.593771,448.9143964,499.9623812,566.3461476,642.9369353,747.6635149,942.7364724,917.0425901,1097.890922,1254.012824,1439.787837,1577.120077,1692.716499,1755.77563,1873.880561,1936.524796,2106.661924,..,..
Adjusted net national income per capita (current US$),NY.ADJ.NNTY.PC.CD,Virgin Islands (U.S.),VIR,..,..,..,..,..,..,..,..,..,..,..,..,..,..,..,..,..,..,..,..,..,..,..,..,..,..,..,..,..,..,..,..,..,..,..,..,..,..,..,..,..
Adjusted net national income per capita (current US$),NY.ADJ.NNTY.PC.CD,West Bank and Gaza,PSE,..,..,..,..,..,..,..,..,..,..,..,..,..,..,..,..,..,..,..,..,..,..,..,..,..,..,..,..,..,..,..,..,..,..,..,..,..,..,..,..,..
Adjusted net national income per capita (current US$),NY.ADJ.NNTY.PC.CD,"Yemen, Rep.",YEM,..,..,..,..,..,..,..,..,..,..,392.9311851,385.9173373,428.9864794,326.7685208,205.9149768,188.5477089,240.1005998,289.2820198,290.2740228,302.7539599,328.4556661,361.3097654,385.8106342,401.8759773,436.7448355,484.0996518,573.7140957,671.8592219,800.2839663,856.3623812,991.3753218,1026.821199,1182.128139,1360.229564,1417.836842,1274.336058,985.0572992,841.8164325,906.1729767,..,..
Adjusted net national income per capita (current US$),NY.ADJ.NNTY.PC.CD,Zambia,ZMB,487.143351,530.8173929,518.8972814,393.0478857,308.6403751,239.6863024,149.4244398,199.3783238,326.3817042,340.2168974,282.2730312,284.7453666,268.6313684,293.963946,318.9495817,317.8312712,303.2247264,352.145929,287.3717363,273.9723855,281.6061109,314.1633345,314.3671742,360.579169,410.8779884,520.113552,707.3949742,725.4095579,966.5786252,846.3754943,990.734473,1139.56274,1283.595201,1350.157507,1320.572684,995.7742959,941.8913635,1104.240601,1128.283417,..,..
Adjusted net national income per capita (current US$),NY.ADJ.NNTY.PC.CD,Zimbabwe,ZWE,795.9008881,927.8283136,945.644048,827.7106066,658.5553411,567.045609,597.1843276,621.3881207,689.9009331,712.5985173,736.9357994,700.6851719,533.3453252,515.0125023,528.8619321,532.4293161,645.0642292,633.4622016,464.5217943,499.6586,481.1284063,483.1198234,452.1957351,414.1037986,410.5008801,418.4463473,372.3107485,350.6650135,277.39555,586.6574478,722.9533379,793.056612,975.3382769,1129.19262,1134.428187,1140.746533,1172.794425,1232.838325,1379.003243,..,..
